email;password;firstname;lastname;username;user_id
gloria.kantner@microsoft.com;richard;Gloria;Kantner;gloriakantner135;d206fed0-a4f7-11e6-91a5-1fc490c5cf69
klaus.marx@comundo.com;money;Klaus;Marx;klausmarx13;d208ac80-a4f7-11e6-91a5-1fc490c5cf69
natalie.schwarz@gmx.de;matthew;Natalie;Schwarz;natalieschwarz51;d208d390-a4f7-11e6-91a5-1fc490c5cf69
gloria.lang@example.com;aaaaaa;Gloria;Lang;glorialang146;d208d391-a4f7-11e6-91a5-1fc490c5cf69
lisa.zimmermann@example.eu;pamela;Lisa;Zimmermann;lisazimmermann95;d208d392-a4f7-11e6-91a5-1fc490c5cf69
sophie.horwath@mail.com;jordan;Sophie;Horwath;sophiehorwath38;d208d393-a4f7-11e6-91a5-1fc490c5cf69
klaus.fischer@hotmail.com;ChangeMe;Klaus;Fischer;klausfischer98;d208d394-a4f7-11e6-91a5-1fc490c5cf69
christoph.herrmann@company.eu;debbie;Christoph;Herrmann;christophherrmann174;d208d395-a4f7-11e6-91a5-1fc490c5cf69
oskar.stadtler@mail.eu;steve;Oskar;Stadtler;oskarstadtler217;d208d396-a4f7-11e6-91a5-1fc490c5cf69
oskar.wagner@apple.com;marley;Oskar;Wagner;oskarwagner131;d208d397-a4f7-11e6-91a5-1fc490c5cf69
klaus.kaiser@apple.com;summer;Klaus;Kaiser;klauskaiser17;d208d398-a4f7-11e6-91a5-1fc490c5cf69
anna.wolf@gmail.com;sophie;Anna;Wolf;annawolf213;d208d399-a4f7-11e6-91a5-1fc490c5cf69
romana.hoffmann@gmx.de;alexander;Romana;Hoffmann;romanahoffmann149;d208d39a-a4f7-11e6-91a5-1fc490c5cf69
fritz.schmitt@hotmail.com;please;Fritz;Schmitt;fritzschmitt133;d208d39b-a4f7-11e6-91a5-1fc490c5cf69
tom.schwarz@company.com;missy;Tom;Schwarz;tomschwarz90;d208d39c-a4f7-11e6-91a5-1fc490c5cf69
john.meier@haralson.at;iceman;John;Meier;johnmeier184;d208d39d-a4f7-11e6-91a5-1fc490c5cf69
timo.hartmann@outlook.com;fisher;Timo;Hartmann;timohartmann126;d208d39e-a4f7-11e6-91a5-1fc490c5cf69
alyssa.fuchs@example.eu;qwerty;Alyssa;Fuchs;alyssafuchs12;d208faa0-a4f7-11e6-91a5-1fc490c5cf69
alexander.hoffmann@example.at;sarah;Alexander;Hoffmann;alexanderhoffmann136;d208faa1-a4f7-11e6-91a5-1fc490c5cf69
sandro.lange@spengergasse.at;falcon;Sandro;Lange;sandrolange61;d208faa2-a4f7-11e6-91a5-1fc490c5cf69
cristina.zimmermann@comundo.at;welcome;Cristina;Zimmermann;cristinazimmermann143;d208faa3-a4f7-11e6-91a5-1fc490c5cf69
frederick.hoffmann@icloud.com;hockey;Frederick;Hoffmann;frederickhoffmann30;d208faa4-a4f7-11e6-91a5-1fc490c5cf69
tom.schneider@icloud.com;brandon;Tom;Schneider;tomschneider161;d208faa5-a4f7-11e6-91a5-1fc490c5cf69
matthias.walter@company.com;mike;Matthias;Walter;matthiaswalter33;d208faa6-a4f7-11e6-91a5-1fc490c5cf69
lynn.meyer@mail.com;mindy;Lynn;Meyer;lynnmeyer41;d208faa7-a4f7-11e6-91a5-1fc490c5cf69
constantin.wagner@mail.eu;brandon;Constantin;Wagner;constantinwagner161;d208faa8-a4f7-11e6-91a5-1fc490c5cf69
sophie.schubert@gmx.de;william;Sophie;Schubert;sophieschubert227;d208faa9-a4f7-11e6-91a5-1fc490c5cf69
anya.fuchs@comundo.at;missy;Anya;Fuchs;anyafuchs90;d208faaa-a4f7-11e6-91a5-1fc490c5cf69
stefanie.hoffmann@aon.at;1234567890;Stefanie;Hoffmann;stefaniehoffmann7;d208faab-a4f7-11e6-91a5-1fc490c5cf69
klaus.hoffmann@example.at;charlie;Klaus;Hoffmann;klaushoffmann165;d208faac-a4f7-11e6-91a5-1fc490c5cf69
clara.zeiner@hotmail.com;123;Clara;Zeiner;clarazeiner20;d208faad-a4f7-11e6-91a5-1fc490c5cf69
daniel.klein@gmx.at;dorothy;Daniel;Klein;danielklein78;d208faae-a4f7-11e6-91a5-1fc490c5cf69
adrian.schmidt@microsoft.com;coffee;Adrian;Schmidt;adrianschmidt60;d208faaf-a4f7-11e6-91a5-1fc490c5cf69
adrian.lehmann@comundo.at;falcon;Adrian;Lehmann;adrianlehmann61;d208fab0-a4f7-11e6-91a5-1fc490c5cf69
cristina.horwath@hotmail.com;whatever;Cristina;Horwath;cristinahorwath111;d208fab1-a4f7-11e6-91a5-1fc490c5cf69
alexander.marx@icloud.com;marley;Alexander;Marx;alexandermarx131;d208fab2-a4f7-11e6-91a5-1fc490c5cf69
lisa.lang@example.at;pentium;Lisa;Lang;lisalang203;d208fab3-a4f7-11e6-91a5-1fc490c5cf69
max.reichl@example.at;tiger;Max;Reichl;maxreichl53;d208fab4-a4f7-11e6-91a5-1fc490c5cf69
tom.fuchs@apple.com;skeeter;Tom;Fuchs;tomfuchs212;d208fab5-a4f7-11e6-91a5-1fc490c5cf69
robin.schreiber@company.eu;marley;Robin;Schreiber;robinschreiber131;d208fab6-a4f7-11e6-91a5-1fc490c5cf69
lennard.kantner@example.at;butthead;Lennard;Kantner;lennardkantner77;d208fab7-a4f7-11e6-91a5-1fc490c5cf69
fritz.lang@outlook.com;123abc;Fritz;Lang;fritzlang43;d208fab8-a4f7-11e6-91a5-1fc490c5cf69
marie.kantner@haralson.at;dolphin;Marie;Kantner;mariekantner175;d208fab9-a4f7-11e6-91a5-1fc490c5cf69
sophie.huber@haralson.com;1234;Sophie;Huber;sophiehuber11;d208faba-a4f7-11e6-91a5-1fc490c5cf69
max.meier@hotmail.at;karen;Max;Meier;maxmeier130;d208fabb-a4f7-11e6-91a5-1fc490c5cf69
nina.klein@hotmail.at;silver;Nina;Klein;ninaklein139;d208fabc-a4f7-11e6-91a5-1fc490c5cf69
johannes.zimmermann@haralson.com;stephen;Johannes;Zimmermann;johanneszimmermann216;d208fabd-a4f7-11e6-91a5-1fc490c5cf69
klaus.neumann@mail.com;beavis;Klaus;Neumann;klausneumann156;d208fabe-a4f7-11e6-91a5-1fc490c5cf69
matthias.neumann@hotmail.com;picture;Matthias;Neumann;matthiasneumann205;d208fabf-a4f7-11e6-91a5-1fc490c5cf69
tom.huber@company.at;phoenix;Tom;Huber;tomhuber204;d208fac0-a4f7-11e6-91a5-1fc490c5cf69
gloria.becker@gmail.com;emily;Gloria;Becker;gloriabecker177;d208fac1-a4f7-11e6-91a5-1fc490c5cf69
gloria.marx@outlook.com;bob;Gloria;Marx;gloriamarx158;d208fac2-a4f7-11e6-91a5-1fc490c5cf69
klaus.bauer@company.eu;coffee;Klaus;Bauer;klausbauer60;d208fac3-a4f7-11e6-91a5-1fc490c5cf69
alexander.reichl@hotmail.com;ashley;Alexander;Reichl;alexanderreichl154;d208fac4-a4f7-11e6-91a5-1fc490c5cf69
lynn.wolf@comundo.com;newyork;Lynn;Wolf;lynnwolf69;d208fac5-a4f7-11e6-91a5-1fc490c5cf69
constantin.zimmermann@google.com;tiger;Constantin;Zimmermann;constantinzimmermann53;d208fac6-a4f7-11e6-91a5-1fc490c5cf69
tom.hartmann@hotmail.at;stephen;Tom;Hartmann;tomhartmann216;d208fac7-a4f7-11e6-91a5-1fc490c5cf69
nadja.schubert@company.at;tennis;Nadja;Schubert;nadjaschubert220;d208fac8-a4f7-11e6-91a5-1fc490c5cf69
nadja.schmid@company.at;brandy;Nadja;Schmid;nadjaschmid58;d208fac9-a4f7-11e6-91a5-1fc490c5cf69
john.schubert@live.at;mary;John;Schubert;johnschubert197;d208faca-a4f7-11e6-91a5-1fc490c5cf69
tom.schreiber@company.com;iloveyou;Tom;Schreiber;tomschreiber84;d208facb-a4f7-11e6-91a5-1fc490c5cf69
manuel.horwath@apple.com;reliant;Manuel;Horwath;manuelhorwath211;d208facc-a4f7-11e6-91a5-1fc490c5cf69
nina.fuchs@gmx.at;dallas;Nina;Fuchs;ninafuchs171;d208facd-a4f7-11e6-91a5-1fc490c5cf69
lennard.jung@company.com;tennis;Lennard;Jung;lennardjung220;d208face-a4f7-11e6-91a5-1fc490c5cf69
david.jung@icloud.com;snoopy;David;Jung;davidjung35;d208facf-a4f7-11e6-91a5-1fc490c5cf69
anya.richter@spengergasse.at;diamond;Anya;Richter;anyarichter48;d20921b0-a4f7-11e6-91a5-1fc490c5cf69
nadja.hartmann@mail.eu;shannon;Nadja;Hartmann;nadjahartmann210;d20921b1-a4f7-11e6-91a5-1fc490c5cf69
sandro.neumann@apple.com;hallowell;Sandro;Neumann;sandroneumann99;d20921b2-a4f7-11e6-91a5-1fc490c5cf69
natalie.schulz@company.at;helpme;Natalie;Schulz;natalieschulz65;d20921b3-a4f7-11e6-91a5-1fc490c5cf69
oskar.fischer@gmail.com;richard;Oskar;Fischer;oskarfischer135;d20921b4-a4f7-11e6-91a5-1fc490c5cf69
tom.walter@company.com;joshua;Tom;Walter;tomwalter129;d20921b5-a4f7-11e6-91a5-1fc490c5cf69
paul.zimmermann@outlook.com;bear;Paul;Zimmermann;paulzimmermann45;d20921b6-a4f7-11e6-91a5-1fc490c5cf69
oskar.zeiner@hotmail.at;karen;Oskar;Zeiner;oskarzeiner130;d20921b7-a4f7-11e6-91a5-1fc490c5cf69
natalie.fuchs@comundo.com;brandon;Natalie;Fuchs;nataliefuchs161;d20921b8-a4f7-11e6-91a5-1fc490c5cf69
max.neumann@gmx.at;kevin;Max;Neumann;maxneumann191;d20921b9-a4f7-11e6-91a5-1fc490c5cf69
mia.wolf@apple.com;falcon;Mia;Wolf;miawolf61;d20921ba-a4f7-11e6-91a5-1fc490c5cf69
alena.bauer@hotmail.at;computer;Alena;Bauer;alenabauer9;d20921bb-a4f7-11e6-91a5-1fc490c5cf69
sandro.heilig@company.com;baseball;Sandro;Heilig;sandroheilig27;d20921bc-a4f7-11e6-91a5-1fc490c5cf69
cristina.braun@hotmail.at;steve;Cristina;Braun;cristinabraun217;d20921bd-a4f7-11e6-91a5-1fc490c5cf69
sandro.schmid@apple.com;trophy;Sandro;Schmid;sandroschmid22;d20921be-a4f7-11e6-91a5-1fc490c5cf69
jacob.stefan@aon.at;david;Jacob;Stefan;jacobstefan173;d20921bf-a4f7-11e6-91a5-1fc490c5cf69
lennard.kantner@example.eu;island;Lennard;Kantner;lennardkantner127;d20921c0-a4f7-11e6-91a5-1fc490c5cf69
sandro.hoffmann@hotmail.at;iceman;Sandro;Hoffmann;sandrohoffmann184;d20921c1-a4f7-11e6-91a5-1fc490c5cf69
matthias.lehmann@example.eu;summer;Matthias;Lehmann;matthiaslehmann17;d20921c2-a4f7-11e6-91a5-1fc490c5cf69
ines.schubert@google.com;phoenix;Ines;Schubert;inesschubert204;d20921c3-a4f7-11e6-91a5-1fc490c5cf69
eva.richter@icloud.com;wally;Eva;Richter;evarichter226;d20921c4-a4f7-11e6-91a5-1fc490c5cf69
daniel.hartmann@comundo.com;wizard;Daniel;Hartmann;danielhartmann72;d20921c5-a4f7-11e6-91a5-1fc490c5cf69
cristina.walter@aon.at;brandon;Cristina;Walter;cristinawalter161;d20921c6-a4f7-11e6-91a5-1fc490c5cf69
celine.lehmann@example.at;kevin;Celine;Lehmann;celinelehmann191;d20921c7-a4f7-11e6-91a5-1fc490c5cf69
lennard.schmid@company.at;rabbit;Lennard;Schmid;lennardschmid100;d20921c8-a4f7-11e6-91a5-1fc490c5cf69
robin.braun@live.at;tennis;Robin;Braun;robinbraun220;d20921c9-a4f7-11e6-91a5-1fc490c5cf69
alyssa.herrmann@comundo.at;august;Alyssa;Herrmann;alyssaherrmann117;d20921ca-a4f7-11e6-91a5-1fc490c5cf69
mia.unger@hotmail.at;biteme;Mia;Unger;miaunger119;d20921cb-a4f7-11e6-91a5-1fc490c5cf69
emilia.fischer@google.com;batman;Emilia;Fischer;emiliafischer75;d20921cc-a4f7-11e6-91a5-1fc490c5cf69
christoph.hoffmann@comundo.com;soccer;Christoph;Hoffmann;christophhoffmann70;d20921cd-a4f7-11e6-91a5-1fc490c5cf69
leonas.hahn@haralson.at;buddy;Leonas;Hahn;leonashahn162;d20921ce-a4f7-11e6-91a5-1fc490c5cf69
timo.braun@haralson.com;jennifer;Timo;Braun;timobraun85;d20921cf-a4f7-11e6-91a5-1fc490c5cf69
sophie.horwath@live.at;jason;Sophie;Horwath;sophiehorwath185;d20921d0-a4f7-11e6-91a5-1fc490c5cf69
klaus.reichl@microsoft.com;fisher;Klaus;Reichl;klausreichl126;d20921d1-a4f7-11e6-91a5-1fc490c5cf69
johannes.hahn@icloud.com;patrick;Johannes;Hahn;johanneshahn42;d20921d2-a4f7-11e6-91a5-1fc490c5cf69
robin.zimmermann@aon.at;ChangeMe;Robin;Zimmermann;robinzimmermann98;d20921d3-a4f7-11e6-91a5-1fc490c5cf69
daniel.bauer@apple.com;letmein;Daniel;Bauer;danielbauer31;d20921d4-a4f7-11e6-91a5-1fc490c5cf69
frederick.bauer@icloud.com;rascal;Frederick;Bauer;frederickbauer134;d20921d5-a4f7-11e6-91a5-1fc490c5cf69
nadja.wagner@mail.eu;baseball;Nadja;Wagner;nadjawagner27;d20921d6-a4f7-11e6-91a5-1fc490c5cf69
christoph.unger@gmail.com;trophy;Christoph;Unger;christophunger22;d20921d7-a4f7-11e6-91a5-1fc490c5cf69
lisa.reichl@example.eu;phoenix;Lisa;Reichl;lisareichl204;d20921d8-a4f7-11e6-91a5-1fc490c5cf69
lisa.schubert@comundo.at;august;Lisa;Schubert;lisaschubert117;d20921d9-a4f7-11e6-91a5-1fc490c5cf69
sophie.meier@hotmail.com;joshua;Sophie;Meier;sophiemeier129;d20921da-a4f7-11e6-91a5-1fc490c5cf69
lisa.reichl@hotmail.com;camaro;Lisa;Reichl;lisareichl164;d20921db-a4f7-11e6-91a5-1fc490c5cf69
anna.schmidt@company.at;barney;Anna;Schmidt;annaschmidt118;d20921dc-a4f7-11e6-91a5-1fc490c5cf69
cristina.fuchs@example.eu;batman;Cristina;Fuchs;cristinafuchs75;d20921dd-a4f7-11e6-91a5-1fc490c5cf69
leonas.kaiser@company.com;mary;Leonas;Kaiser;leonaskaiser197;d20948c0-a4f7-11e6-91a5-1fc490c5cf69
johannes.lang@icloud.com;andrew;Johannes;Lang;johanneslang44;d20948c1-a4f7-11e6-91a5-1fc490c5cf69
mia.schmidt@outlook.com;andrea;Mia;Schmidt;miaschmidt150;d20948c2-a4f7-11e6-91a5-1fc490c5cf69
matthias.hoffmann@company.eu;baseball;Matthias;Hoffmann;matthiashoffmann27;d20948c3-a4f7-11e6-91a5-1fc490c5cf69
oskar.fuchs@example.at;batman;Oskar;Fuchs;oskarfuchs75;d20948c4-a4f7-11e6-91a5-1fc490c5cf69
daniel.kaiser@example.eu;brandon;Daniel;Kaiser;danielkaiser161;d20948c5-a4f7-11e6-91a5-1fc490c5cf69
alexander.koch@live.at;chelsea;Alexander;Koch;alexanderkoch59;d20948c6-a4f7-11e6-91a5-1fc490c5cf69
leonas.schwarz@gmx.at;stephanie;Leonas;Schwarz;leonasschwarz215;d20948c7-a4f7-11e6-91a5-1fc490c5cf69
oskar.meyer@gmx.de;computer;Oskar;Meyer;oskarmeyer9;d20948c8-a4f7-11e6-91a5-1fc490c5cf69
stefanie.huber@live.at;reliant;Stefanie;Huber;stefaniehuber211;d20948c9-a4f7-11e6-91a5-1fc490c5cf69
gloria.hahn@company.at;sample123;Gloria;Hahn;gloriahahn179;d20948ca-a4f7-11e6-91a5-1fc490c5cf69
johannes.unger@comundo.com;if6was9;Johannes;Unger;johannesunger193;d20948cb-a4f7-11e6-91a5-1fc490c5cf69
max.neumann@outlook.com;lizard;Max;Neumann;maxneumann195;d20948cc-a4f7-11e6-91a5-1fc490c5cf69
gabriel.richter@hotmail.at;natasha;Gabriel;Richter;gabrielrichter93;d20948cd-a4f7-11e6-91a5-1fc490c5cf69
paul.schmitt@mail.eu;goodluck;Paul;Schmitt;paulschmitt181;d20948ce-a4f7-11e6-91a5-1fc490c5cf69
anya.walter@google.com;john;Anya;Walter;anyawalter128;d20948cf-a4f7-11e6-91a5-1fc490c5cf69
fritz.schmid@company.at;heather;Fritz;Schmid;fritzschmid183;d20948d0-a4f7-11e6-91a5-1fc490c5cf69
adrian.becker@mail.eu;skeeter;Adrian;Becker;adrianbecker212;d20948d1-a4f7-11e6-91a5-1fc490c5cf69
manuel.horwath@apple.com;steven;Manuel;Horwath;manuelhorwath107;d20948d2-a4f7-11e6-91a5-1fc490c5cf69
emilia.schmid@icloud.com;beavis;Emilia;Schmid;emiliaschmid156;d20948d3-a4f7-11e6-91a5-1fc490c5cf69
fritz.weiﬂ@haralson.at;ginger;Fritz;Weiﬂ;fritzweiﬂ180;d20948d4-a4f7-11e6-91a5-1fc490c5cf69
adrian.werner@aon.at;pentium;Adrian;Werner;adrianwerner203;d20996e0-a4f7-11e6-91a5-1fc490c5cf69
oskar.hoffmann@gmail.com;patrick;Oskar;Hoffmann;oskarhoffmann42;d20996e1-a4f7-11e6-91a5-1fc490c5cf69
robin.wagner@company.com;andrew;Robin;Wagner;robinwagner44;d20996e2-a4f7-11e6-91a5-1fc490c5cf69
fritz.fischer@example.eu;freedom;Fritz;Fischer;fritzfischer62;d20996e3-a4f7-11e6-91a5-1fc490c5cf69
marie.huber@hotmail.com;asdfgh;Marie;Huber;mariehuber73;d20996e4-a4f7-11e6-91a5-1fc490c5cf69
leonas.hartmann@hotmail.com;dragon;Leonas;Hartmann;leonashartmann37;d20996e5-a4f7-11e6-91a5-1fc490c5cf69
romana.schmitz@aon.at;pepper;Romana;Schmitz;romanaschmitz96;d20996e6-a4f7-11e6-91a5-1fc490c5cf69
christoph.fuchs@example.at;gandalf;Christoph;Fuchs;christophfuchs63;d20996e7-a4f7-11e6-91a5-1fc490c5cf69
christoph.klein@apple.com;steven;Christoph;Klein;christophklein107;d20996e8-a4f7-11e6-91a5-1fc490c5cf69
manuel.zimmermann@gmail.com;beavis;Manuel;Zimmermann;manuelzimmermann156;d20996e9-a4f7-11e6-91a5-1fc490c5cf69
anya.wolf@apple.com;natasha;Anya;Wolf;anyawolf93;d20996ea-a4f7-11e6-91a5-1fc490c5cf69
romana.bauer@apple.com;mike;Romana;Bauer;romanabauer33;d20996eb-a4f7-11e6-91a5-1fc490c5cf69
david.marx@haralson.com;special;David;Marx;davidmarx214;d20996ec-a4f7-11e6-91a5-1fc490c5cf69
stefanie.wagner@company.eu;karen;Stefanie;Wagner;stefaniewagner130;d20996ed-a4f7-11e6-91a5-1fc490c5cf69
christoph.schreiber@mail.com;carmen;Christoph;Schreiber;christophschreiber14;d20996ee-a4f7-11e6-91a5-1fc490c5cf69
oskar.werner@example.at;mustang;Oskar;Werner;oskarwerner34;d20996ef-a4f7-11e6-91a5-1fc490c5cf69
lenn.marx@example.eu;murphy;Lenn;Marx;lennmarx200;d20996f0-a4f7-11e6-91a5-1fc490c5cf69
constantin.lehmann@icloud.com;john;Constantin;Lehmann;constantinlehmann128;d20996f1-a4f7-11e6-91a5-1fc490c5cf69
klaus.lange@company.at;1234;Klaus;Lange;klauslange11;d20996f2-a4f7-11e6-91a5-1fc490c5cf69
ines.zimmermann@company.at;alexander;Ines;Zimmermann;ineszimmermann149;d20996f3-a4f7-11e6-91a5-1fc490c5cf69
romana.horwath@example.eu;secret;Romana;Horwath;romanahorwath16;d20996f4-a4f7-11e6-91a5-1fc490c5cf69
johannes.heilig@comundo.com;sophie;Johannes;Heilig;johannesheilig213;d20996f5-a4f7-11e6-91a5-1fc490c5cf69
jacob.heilig@company.com;special;Jacob;Heilig;jacobheilig214;d20996f6-a4f7-11e6-91a5-1fc490c5cf69
gabriel.koch@haralson.at;harley;Gabriel;Koch;gabrielkoch29;d20996f7-a4f7-11e6-91a5-1fc490c5cf69
stefanie.wagner@hotmail.com;chris;Stefanie;Wagner;stefaniewagner167;d20996f8-a4f7-11e6-91a5-1fc490c5cf69
lynn.hahn@mail.eu;sunshine;Lynn;Hahn;lynnhahn109;d20996f9-a4f7-11e6-91a5-1fc490c5cf69
leonas.schmid@company.eu;master;Leonas;Schmid;leonasschmid89;d20996fa-a4f7-11e6-91a5-1fc490c5cf69
sophie.zimmermann@aon.at;merlin;Sophie;Zimmermann;sophiezimmermann68;d20996fb-a4f7-11e6-91a5-1fc490c5cf69
sandro.schmitt@comundo.com;scooter;Sandro;Schmitt;sandroschmitt137;d20996fc-a4f7-11e6-91a5-1fc490c5cf69
manuel.meier@haralson.at;elephant;Manuel;Meier;manuelmeier176;d20996fd-a4f7-11e6-91a5-1fc490c5cf69
alexander.herrmann@mail.com;bob;Alexander;Herrmann;alexanderherrmann158;d20996fe-a4f7-11e6-91a5-1fc490c5cf69
nina.schreiber@outlook.com;wizard;Nina;Schreiber;ninaschreiber72;d20996ff-a4f7-11e6-91a5-1fc490c5cf69
daniel.unger@apple.com;brandy;Daniel;Unger;danielunger58;d2099700-a4f7-11e6-91a5-1fc490c5cf69
cristina.braun@example.eu;marley;Cristina;Braun;cristinabraun131;d2099701-a4f7-11e6-91a5-1fc490c5cf69
oskar.braun@live.at;test;Oskar;Braun;oskarbraun221;d2099702-a4f7-11e6-91a5-1fc490c5cf69
celine.zimmermann@example.eu;butthead;Celine;Zimmermann;celinezimmermann77;d2099703-a4f7-11e6-91a5-1fc490c5cf69
sophie.schreiber@hotmail.at;batman;Sophie;Schreiber;sophieschreiber75;d2099704-a4f7-11e6-91a5-1fc490c5cf69
manuel.fuchs@company.eu;apple;Manuel;Fuchs;manuelfuchs56;d2099705-a4f7-11e6-91a5-1fc490c5cf69
nina.stadtler@example.com;access;Nina;Stadtler;ninastadtler147;d2099706-a4f7-11e6-91a5-1fc490c5cf69
lisa.meyer@company.at;jesus;Lisa;Meyer;lisameyer187;d2099707-a4f7-11e6-91a5-1fc490c5cf69
anna.bauer@comundo.at;Fortune;Anna;Bauer;annabauer47;d2099708-a4f7-11e6-91a5-1fc490c5cf69
ines.stefan@icloud.com;daniel;Ines;Stefan;inesstefan172;d2099709-a4f7-11e6-91a5-1fc490c5cf69
marie.weber@gmail.com;delta;Marie;Weber;marieweber124;d209970a-a4f7-11e6-91a5-1fc490c5cf69
constantin.meier@gmx.de;sparky;Constantin;Meier;constantinmeier105;d209970b-a4f7-11e6-91a5-1fc490c5cf69
gabriel.mayer@company.com;tiger;Gabriel;Mayer;gabrielmayer53;d209970c-a4f7-11e6-91a5-1fc490c5cf69
tom.emerich@outlook.com;george;Tom;Emerich;tomemerich82;d209970d-a4f7-11e6-91a5-1fc490c5cf69
timo.scholz@spengergasse.at;Peanuts;Timo;Scholz;timoscholz224;d209970e-a4f7-11e6-91a5-1fc490c5cf69
alena.wagner@comundo.com;666666;Alena;Wagner;alenawagner50;d209970f-a4f7-11e6-91a5-1fc490c5cf69
leonas.stadtler@gmx.de;snoopy;Leonas;Stadtler;leonasstadtler35;d2099710-a4f7-11e6-91a5-1fc490c5cf69
david.unger@company.eu;hallowell;David;Unger;davidunger99;d2099711-a4f7-11e6-91a5-1fc490c5cf69
stefanie.zimmermann@mail.eu;ashley;Stefanie;Zimmermann;stefaniezimmermann154;d2099712-a4f7-11e6-91a5-1fc490c5cf69
celine.walter@comundo.com;charlie;Celine;Walter;celinewalter165;d2099713-a4f7-11e6-91a5-1fc490c5cf69
adrian.scholz@gmx.at;barney;Adrian;Scholz;adrianscholz118;d2099714-a4f7-11e6-91a5-1fc490c5cf69
john.schmidt@outlook.com;john;John;Schmidt;johnschmidt128;d2099715-a4f7-11e6-91a5-1fc490c5cf69
tom.schubert@outlook.com;newyork;Tom;Schubert;tomschubert69;d2099716-a4f7-11e6-91a5-1fc490c5cf69
adrian.bauer@gmail.com;dolphin;Adrian;Bauer;adrianbauer175;d2099717-a4f7-11e6-91a5-1fc490c5cf69
johannes.zimmermann@live.at;1234567890;Johannes;Zimmermann;johanneszimmermann7;d2099718-a4f7-11e6-91a5-1fc490c5cf69
romana.becker@apple.com;1234567890;Romana;Becker;romanabecker7;d2099719-a4f7-11e6-91a5-1fc490c5cf69
max.neumann@outlook.com;sarah;Max;Neumann;maxneumann136;d209971a-a4f7-11e6-91a5-1fc490c5cf69
sophie.becker@company.eu;1234;Sophie;Becker;sophiebecker11;d209971b-a4f7-11e6-91a5-1fc490c5cf69
manuel.stadtler@mail.com;monkey;Manuel;Stadtler;manuelstadtler92;d209971c-a4f7-11e6-91a5-1fc490c5cf69
max.schmitz@spengergasse.at;Fortune;Max;Schmitz;maxschmitz47;d209971d-a4f7-11e6-91a5-1fc490c5cf69
timo.schmitz@live.at;if6was9;Timo;Schmitz;timoschmitz193;d209971e-a4f7-11e6-91a5-1fc490c5cf69
leonas.schwarz@microsoft.com;if6was9;Leonas;Schwarz;leonasschwarz193;d209971f-a4f7-11e6-91a5-1fc490c5cf69
kilian.wagner@example.com;success;Kilian;Wagner;kilianwagner108;d2099720-a4f7-11e6-91a5-1fc490c5cf69
paul.schmid@company.at;if6was9;Paul;Schmid;paulschmid193;d2099721-a4f7-11e6-91a5-1fc490c5cf69
mia.schmid@icloud.com;123;Mia;Schmid;miaschmid20;d2099722-a4f7-11e6-91a5-1fc490c5cf69
gabriel.schmid@microsoft.com;jennifer;Gabriel;Schmid;gabrielschmid85;d2099723-a4f7-11e6-91a5-1fc490c5cf69
stefanie.wagner@example.com;donald;Stefanie;Wagner;stefaniewagner28;d2099724-a4f7-11e6-91a5-1fc490c5cf69
oskar.weiﬂ@company.eu;chris;Oskar;Weiﬂ;oskarweiﬂ167;d2099725-a4f7-11e6-91a5-1fc490c5cf69
robin.schulz@company.at;sophie;Robin;Schulz;robinschulz213;d2099726-a4f7-11e6-91a5-1fc490c5cf69
leonas.stefan@example.at;qwerty;Leonas;Stefan;leonasstefan12;d2099727-a4f7-11e6-91a5-1fc490c5cf69
lisa.braun@live.at;rocket;Lisa;Braun;lisabraun102;d2099728-a4f7-11e6-91a5-1fc490c5cf69
lenn.maier@icloud.com;jesus;Lenn;Maier;lennmaier187;d2099729-a4f7-11e6-91a5-1fc490c5cf69
lennard.schneider@mail.at;1234567890;Lennard;Schneider;lennardschneider7;d209972a-a4f7-11e6-91a5-1fc490c5cf69
kilian.richter@company.com;Cougar;Kilian;Richter;kilianrichter36;d209bdf0-a4f7-11e6-91a5-1fc490c5cf69
tom.zeiner@live.at;karen;Tom;Zeiner;tomzeiner130;d209bdf1-a4f7-11e6-91a5-1fc490c5cf69
sophie.weiﬂ@comundo.com;jesus;Sophie;Weiﬂ;sophieweiﬂ187;d209bdf2-a4f7-11e6-91a5-1fc490c5cf69
gloria.wagner@microsoft.com;baseball;Gloria;Wagner;gloriawagner27;d209bdf3-a4f7-11e6-91a5-1fc490c5cf69
alena.maier@gmail.com;kevin;Alena;Maier;alenamaier191;d209bdf4-a4f7-11e6-91a5-1fc490c5cf69
oskar.kantner@comundo.com;asdfjkl;Oskar;Kantner;oskarkantner153;d209bdf5-a4f7-11e6-91a5-1fc490c5cf69
romana.hoffmann@gmail.com;andrea;Romana;Hoffmann;romanahoffmann150;d209bdf6-a4f7-11e6-91a5-1fc490c5cf69
eva.schmid@microsoft.com;spring;Eva;Schmid;evaschmid106;d209bdf7-a4f7-11e6-91a5-1fc490c5cf69
sophie.schubert@example.at;tigger;Sophie;Schubert;sophieschubert10;d209bdf8-a4f7-11e6-91a5-1fc490c5cf69
cristina.braun@haralson.com;marley;Cristina;Braun;cristinabraun131;d209bdf9-a4f7-11e6-91a5-1fc490c5cf69
nadja.schmitz@example.at;mickey;Nadja;Schmitz;nadjaschmitz15;d209bdfa-a4f7-11e6-91a5-1fc490c5cf69
adam.mayer@spengergasse.at;william;Adam;Mayer;adammayer227;d209bdfb-a4f7-11e6-91a5-1fc490c5cf69
adam.zimmermann@comundo.at;tennis;Adam;Zimmermann;adamzimmermann220;d209bdfc-a4f7-11e6-91a5-1fc490c5cf69
lenn.weiﬂ@aon.at;1234;Lenn;Weiﬂ;lennweiﬂ11;d209bdfd-a4f7-11e6-91a5-1fc490c5cf69
daniel.lehmann@icloud.com;diamond;Daniel;Lehmann;daniellehmann48;d209bdfe-a4f7-11e6-91a5-1fc490c5cf69
johannes.schmid@hotmail.com;emily;Johannes;Schmid;johannesschmid177;d209bdff-a4f7-11e6-91a5-1fc490c5cf69
michaela.hoffmann@hotmail.at;test123;Michaela;Hoffmann;michaelahoffmann222;d209be00-a4f7-11e6-91a5-1fc490c5cf69
john.schreiber@icloud.com;sarah;John;Schreiber;johnschreiber136;d209be01-a4f7-11e6-91a5-1fc490c5cf69
celine.richter@mail.at;buddy;Celine;Richter;celinerichter162;d209be02-a4f7-11e6-91a5-1fc490c5cf69
klaus.mayer@gmail.com;delta;Klaus;Mayer;klausmayer124;d209be03-a4f7-11e6-91a5-1fc490c5cf69
leonas.hahn@outlook.com;kevin;Leonas;Hahn;leonashahn191;d209be04-a4f7-11e6-91a5-1fc490c5cf69
clara.meyer@company.com;wizard;Clara;Meyer;clarameyer72;d209be05-a4f7-11e6-91a5-1fc490c5cf69
alyssa.herrmann@aon.at;calvin;Alyssa;Herrmann;alyssaherrmann46;d209be06-a4f7-11e6-91a5-1fc490c5cf69
sophie.fischer@aon.at;victoria;Sophie;Fischer;sophiefischer110;d209be07-a4f7-11e6-91a5-1fc490c5cf69
alyssa.schmid@example.at;caitlin;Alyssa;Schmid;alyssaschmid163;d209be08-a4f7-11e6-91a5-1fc490c5cf69
stefanie.klein@live.at;cindy;Stefanie;Klein;stefanieklein168;d209be09-a4f7-11e6-91a5-1fc490c5cf69
marie.zeiner@comundo.at;ranger;Marie;Zeiner;mariezeiner25;d209be0a-a4f7-11e6-91a5-1fc490c5cf69
johanna.walter@hotmail.com;rabbit;Johanna;Walter;johannawalter100;d209be0b-a4f7-11e6-91a5-1fc490c5cf69
gabriel.fuchs@icloud.com;Cougar;Gabriel;Fuchs;gabrielfuchs36;d209be0c-a4f7-11e6-91a5-1fc490c5cf69
anya.braun@comundo.com;1234567890;Anya;Braun;anyabraun7;d209be0d-a4f7-11e6-91a5-1fc490c5cf69
constantin.schwarz@microsoft.com;aaaaaa;Constantin;Schwarz;constantinschwarz146;d209be0e-a4f7-11e6-91a5-1fc490c5cf69
christoph.weiﬂ@microsoft.com;Fortune;Christoph;Weiﬂ;christophweiﬂ47;d209be0f-a4f7-11e6-91a5-1fc490c5cf69
sophie.schmitt@google.com;ginger;Sophie;Schmitt;sophieschmitt180;d209be10-a4f7-11e6-91a5-1fc490c5cf69
frederick.lange@comundo.at;avalon;Frederick;Lange;fredericklange57;d209be11-a4f7-11e6-91a5-1fc490c5cf69
alyssa.huber@company.at;daniel;Alyssa;Huber;alyssahuber172;d209be12-a4f7-11e6-91a5-1fc490c5cf69
paul.scholz@company.at;123;Paul;Scholz;paulscholz20;d209be13-a4f7-11e6-91a5-1fc490c5cf69
alyssa.stadtler@mail.eu;asdfgh;Alyssa;Stadtler;alyssastadtler73;d209be14-a4f7-11e6-91a5-1fc490c5cf69
alexander.hoffmann@hotmail.com;goodluck;Alexander;Hoffmann;alexanderhoffmann181;d209be15-a4f7-11e6-91a5-1fc490c5cf69
michaela.schmitt@comundo.com;letmein;Michaela;Schmitt;michaelaschmitt31;d209be16-a4f7-11e6-91a5-1fc490c5cf69
natalie.maier@live.at;lizard;Natalie;Maier;nataliemaier195;d209be17-a4f7-11e6-91a5-1fc490c5cf69
kilian.weiﬂ@gmail.com;rose;Kilian;Weiﬂ;kilianweiﬂ103;d209be18-a4f7-11e6-91a5-1fc490c5cf69
stefanie.schubert@company.com;justin;Stefanie;Schubert;stefanieschubert190;d209be19-a4f7-11e6-91a5-1fc490c5cf69
sandro.hartmann@gmail.com;charlie;Sandro;Hartmann;sandrohartmann165;d209be1a-a4f7-11e6-91a5-1fc490c5cf69
marie.emerich@mail.at;nirvana;Marie;Emerich;marieemerich201;d209be1b-a4f7-11e6-91a5-1fc490c5cf69
matthias.meyer@live.at;master;Matthias;Meyer;matthiasmeyer89;d209be1c-a4f7-11e6-91a5-1fc490c5cf69
ines.schreiber@live.at;alexander;Ines;Schreiber;inesschreiber149;d209be1d-a4f7-11e6-91a5-1fc490c5cf69
sophie.lehmann@company.eu;internet;Sophie;Lehmann;sophielehmann18;d209be1e-a4f7-11e6-91a5-1fc490c5cf69
gloria.neumann@haralson.at;iloveyou;Gloria;Neumann;glorianeumann84;d209be1f-a4f7-11e6-91a5-1fc490c5cf69
johannes.wagner@mail.eu;orange;Johannes;Wagner;johanneswagner132;d209be20-a4f7-11e6-91a5-1fc490c5cf69
eva.huber@gmail.com;amanda;Eva;Huber;evahuber114;d209be21-a4f7-11e6-91a5-1fc490c5cf69
alena.hoffmann@gmail.com;ncc1701;Alena;Hoffmann;alenahoffmann94;d209be22-a4f7-11e6-91a5-1fc490c5cf69
john.kaiser@comundo.com;avalon;John;Kaiser;johnkaiser57;d209be23-a4f7-11e6-91a5-1fc490c5cf69
michaela.fischer@mail.com;ranger;Michaela;Fischer;michaelafischer25;d209be24-a4f7-11e6-91a5-1fc490c5cf69
nina.wagner@example.eu;internet;Nina;Wagner;ninawagner18;d209be25-a4f7-11e6-91a5-1fc490c5cf69
natalie.meyer@company.at;jordan;Natalie;Meyer;nataliemeyer38;d209be26-a4f7-11e6-91a5-1fc490c5cf69
tom.klein@icloud.com;zephyr;Tom;Klein;tomklein144;d209be27-a4f7-11e6-91a5-1fc490c5cf69
daniel.kantner@haralson.at;mustang;Daniel;Kantner;danielkantner34;d209be28-a4f7-11e6-91a5-1fc490c5cf69
tom.hartmann@haralson.at;sophie;Tom;Hartmann;tomhartmann213;d209be29-a4f7-11e6-91a5-1fc490c5cf69
michaela.weiﬂ@haralson.at;bear;Michaela;Weiﬂ;michaelaweiﬂ45;d209be2a-a4f7-11e6-91a5-1fc490c5cf69
leonas.schreiber@haralson.at;sophie;Leonas;Schreiber;leonasschreiber213;d209be2b-a4f7-11e6-91a5-1fc490c5cf69
adrian.zimmermann@haralson.com;monkey;Adrian;Zimmermann;adrianzimmermann92;d209be2c-a4f7-11e6-91a5-1fc490c5cf69
clara.meier@haralson.com;booboo;Clara;Meier;clarameier159;d209be2d-a4f7-11e6-91a5-1fc490c5cf69
alexander.richter@company.com;computer;Alexander;Richter;alexanderrichter9;d209be2e-a4f7-11e6-91a5-1fc490c5cf69
eva.meier@example.eu;caitlin;Eva;Meier;evameier163;d209be2f-a4f7-11e6-91a5-1fc490c5cf69
paul.lehmann@outlook.com;welcome;Paul;Lehmann;paullehmann143;d209be30-a4f7-11e6-91a5-1fc490c5cf69
manuel.weber@comundo.com;mustang;Manuel;Weber;manuelweber34;d209be31-a4f7-11e6-91a5-1fc490c5cf69
johanna.zimmermann@company.eu;richard;Johanna;Zimmermann;johannazimmermann135;d209be32-a4f7-11e6-91a5-1fc490c5cf69
clara.hartmann@spengergasse.at;patrick;Clara;Hartmann;clarahartmann42;d209be33-a4f7-11e6-91a5-1fc490c5cf69
david.richter@company.at;tristan;David;Richter;davidrichter225;d209be34-a4f7-11e6-91a5-1fc490c5cf69
jacob.hoffmann@google.com;qwerty;Jacob;Hoffmann;jacobhoffmann12;d209be35-a4f7-11e6-91a5-1fc490c5cf69
sandro.hoffmann@example.at;sample123;Sandro;Hoffmann;sandrohoffmann179;d209be36-a4f7-11e6-91a5-1fc490c5cf69
timo.schmitt@gmx.at;bradley;Timo;Schmitt;timoschmitt160;d209be37-a4f7-11e6-91a5-1fc490c5cf69
emilia.schmitz@example.eu;william;Emilia;Schmitz;emiliaschmitz227;d209be38-a4f7-11e6-91a5-1fc490c5cf69
johannes.schulz@comundo.com;whatever;Johannes;Schulz;johannesschulz111;d209be39-a4f7-11e6-91a5-1fc490c5cf69
daniel.wolf@live.at;joseph;Daniel;Wolf;danielwolf188;d209be3a-a4f7-11e6-91a5-1fc490c5cf69
anya.weber@spengergasse.at;test;Anya;Weber;anyaweber221;d209be3b-a4f7-11e6-91a5-1fc490c5cf69
sandro.maier@apple.com;sample123;Sandro;Maier;sandromaier179;d209be3c-a4f7-11e6-91a5-1fc490c5cf69
johannes.huber@mail.com;a1b2c3;Johannes;Huber;johanneshuber19;d209be3d-a4f7-11e6-91a5-1fc490c5cf69
anna.emerich@example.com;iceman;Anna;Emerich;annaemerich184;d209be3e-a4f7-11e6-91a5-1fc490c5cf69
lennard.mayer@example.com;asdfjkl;Lennard;Mayer;lennardmayer153;d209be3f-a4f7-11e6-91a5-1fc490c5cf69
anna.heilig@example.com;carmen;Anna;Heilig;annaheilig14;d209be40-a4f7-11e6-91a5-1fc490c5cf69
lenn.kaiser@hotmail.at;wally;Lenn;Kaiser;lennkaiser226;d209be41-a4f7-11e6-91a5-1fc490c5cf69
klaus.schmid@comundo.at;reliant;Klaus;Schmid;klausschmid211;d209be42-a4f7-11e6-91a5-1fc490c5cf69
johanna.zeiner@company.at;nirvana;Johanna;Zeiner;johannazeiner201;d209be43-a4f7-11e6-91a5-1fc490c5cf69
lynn.horwath@hotmail.com;miller;Lynn;Horwath;lynnhorwath52;d209be44-a4f7-11e6-91a5-1fc490c5cf69
clara.hahn@example.eu;test123;Clara;Hahn;clarahahn222;d209be45-a4f7-11e6-91a5-1fc490c5cf69
adam.herrmann@apple.com;miller;Adam;Herrmann;adamherrmann52;d209be46-a4f7-11e6-91a5-1fc490c5cf69
cristina.fuchs@gmx.de;missy;Cristina;Fuchs;cristinafuchs90;d209be47-a4f7-11e6-91a5-1fc490c5cf69
oskar.schmid@mail.com;phoenix;Oskar;Schmid;oskarschmid204;d209be48-a4f7-11e6-91a5-1fc490c5cf69
fritz.neumann@hotmail.at;mindy;Fritz;Neumann;fritzneumann41;d209be49-a4f7-11e6-91a5-1fc490c5cf69
max.bauer@example.eu;camaro;Max;Bauer;maxbauer164;d209be4a-a4f7-11e6-91a5-1fc490c5cf69
david.marx@mail.eu;bob;David;Marx;davidmarx158;d209be4b-a4f7-11e6-91a5-1fc490c5cf69
robin.huber@example.at;jordan;Robin;Huber;robinhuber38;d209be4c-a4f7-11e6-91a5-1fc490c5cf69
stefanie.lang@spengergasse.at;sample123;Stefanie;Lang;stefanielang179;d209be4d-a4f7-11e6-91a5-1fc490c5cf69
natalie.scholz@mail.com;emily;Natalie;Scholz;nataliescholz177;d209e500-a4f7-11e6-91a5-1fc490c5cf69
fritz.schwarz@microsoft.com;caitlin;Fritz;Schwarz;fritzschwarz163;d209e501-a4f7-11e6-91a5-1fc490c5cf69
alyssa.unger@mail.com;daniel;Alyssa;Unger;alyssaunger172;d209e502-a4f7-11e6-91a5-1fc490c5cf69
klaus.horwath@microsoft.com;dorothy;Klaus;Horwath;klaushorwath78;d209e503-a4f7-11e6-91a5-1fc490c5cf69
michaela.weiﬂ@comundo.com;rainbow;Michaela;Weiﬂ;michaelaweiﬂ206;d209e504-a4f7-11e6-91a5-1fc490c5cf69
klaus.richter@google.com;success;Klaus;Richter;klausrichter108;d209e505-a4f7-11e6-91a5-1fc490c5cf69
mia.walter@icloud.com;football;Mia;Walter;miawalter81;d209e506-a4f7-11e6-91a5-1fc490c5cf69
natalie.schneider@haralson.com;access;Natalie;Schneider;natalieschneider147;d209e507-a4f7-11e6-91a5-1fc490c5cf69
celine.schmitz@example.com;david;Celine;Schmitz;celineschmitz173;d209e508-a4f7-11e6-91a5-1fc490c5cf69
daniel.richter@outlook.com;newyork;Daniel;Richter;danielrichter69;d209e509-a4f7-11e6-91a5-1fc490c5cf69
daniel.scholz@company.eu;madison;Daniel;Scholz;danielscholz196;d209e50a-a4f7-11e6-91a5-1fc490c5cf69
romana.weber@spengergasse.at;missy;Romana;Weber;romanaweber90;d209e50b-a4f7-11e6-91a5-1fc490c5cf69
timo.lehmann@google.com;1234567890;Timo;Lehmann;timolehmann7;d209e50c-a4f7-11e6-91a5-1fc490c5cf69
clara.wolf@haralson.at;rocket;Clara;Wolf;clarawolf102;d209e50d-a4f7-11e6-91a5-1fc490c5cf69
robin.richter@company.at;rainbow;Robin;Richter;robinrichter206;d209e50e-a4f7-11e6-91a5-1fc490c5cf69
emilia.koch@outlook.com;mike;Emilia;Koch;emiliakoch33;d209e50f-a4f7-11e6-91a5-1fc490c5cf69
leonas.hoffmann@microsoft.com;butthead;Leonas;Hoffmann;leonashoffmann77;d209e510-a4f7-11e6-91a5-1fc490c5cf69
ines.schmid@aon.at;rose;Ines;Schmid;inesschmid103;d209e511-a4f7-11e6-91a5-1fc490c5cf69
lynn.schulz@hotmail.com;brandy;Lynn;Schulz;lynnschulz58;d209e512-a4f7-11e6-91a5-1fc490c5cf69
lisa.herrmann@mail.eu;dorothy;Lisa;Herrmann;lisaherrmann78;d209e513-a4f7-11e6-91a5-1fc490c5cf69
nina.klein@microsoft.com;madison;Nina;Klein;ninaklein196;d209e514-a4f7-11e6-91a5-1fc490c5cf69
anna.bauer@mail.com;hockey;Anna;Bauer;annabauer30;d209e515-a4f7-11e6-91a5-1fc490c5cf69
anya.herrmann@haralson.at;jessica;Anya;Herrmann;anyaherrmann186;d209e516-a4f7-11e6-91a5-1fc490c5cf69
timo.weiﬂ@mail.at;canada;Timo;Weiﬂ;timoweiﬂ23;d209e517-a4f7-11e6-91a5-1fc490c5cf69
ines.schmitz@example.eu;computer;Ines;Schmitz;inesschmitz9;d209e518-a4f7-11e6-91a5-1fc490c5cf69
constantin.wagner@mail.com;jason;Constantin;Wagner;constantinwagner185;d209e519-a4f7-11e6-91a5-1fc490c5cf69
michaela.werner@company.at;access;Michaela;Werner;michaelawerner147;d209e51a-a4f7-11e6-91a5-1fc490c5cf69
nadja.kaiser@live.at;asdfgh;Nadja;Kaiser;nadjakaiser73;d209e51b-a4f7-11e6-91a5-1fc490c5cf69
anna.schmid@comundo.at;football;Anna;Schmid;annaschmid81;d209e51c-a4f7-11e6-91a5-1fc490c5cf69
oskar.fischer@comundo.at;shannon;Oskar;Fischer;oskarfischer210;d209e51d-a4f7-11e6-91a5-1fc490c5cf69
ines.kantner@haralson.com;alex;Ines;Kantner;ineskantner55;d209e51e-a4f7-11e6-91a5-1fc490c5cf69
clara.braun@spengergasse.at;sample123;Clara;Braun;clarabraun179;d209e51f-a4f7-11e6-91a5-1fc490c5cf69
johannes.weiﬂ@gmail.com;muffin;Johannes;Weiﬂ;johannesweiﬂ199;d209e520-a4f7-11e6-91a5-1fc490c5cf69
paul.reichl@gmx.de;murphy;Paul;Reichl;paulreichl200;d209e521-a4f7-11e6-91a5-1fc490c5cf69
max.schmitz@microsoft.com;soccer;Max;Schmitz;maxschmitz70;d209e522-a4f7-11e6-91a5-1fc490c5cf69
romana.schmid@example.eu;asdfjkl;Romana;Schmid;romanaschmid153;d209e523-a4f7-11e6-91a5-1fc490c5cf69
marie.stadtler@company.eu;lissabon;Marie;Stadtler;mariestadtler97;d209e524-a4f7-11e6-91a5-1fc490c5cf69
stefanie.kantner@mail.com;abc123;Stefanie;Kantner;stefaniekantner8;d209e525-a4f7-11e6-91a5-1fc490c5cf69
sandro.walter@mail.com;boomer;Sandro;Walter;sandrowalter120;d209e526-a4f7-11e6-91a5-1fc490c5cf69
sophie.lehmann@company.at;butthead;Sophie;Lehmann;sophielehmann77;d209e527-a4f7-11e6-91a5-1fc490c5cf69
lennard.marx@hotmail.com;ncc1701;Lennard;Marx;lennardmarx94;d209e528-a4f7-11e6-91a5-1fc490c5cf69
lenn.scholz@icloud.com;marina;Lenn;Scholz;lennscholz88;d209e529-a4f7-11e6-91a5-1fc490c5cf69
lennard.zeiner@haralson.at;qwerty;Lennard;Zeiner;lennardzeiner12;d209e52a-a4f7-11e6-91a5-1fc490c5cf69
michael.zimmermann@gmx.at;diamond;Michael;Zimmermann;michaelzimmermann48;d209e52b-a4f7-11e6-91a5-1fc490c5cf69
matthias.becker@live.at;sparky;Matthias;Becker;matthiasbecker105;d209e52c-a4f7-11e6-91a5-1fc490c5cf69
leonas.koch@haralson.com;spring;Leonas;Koch;leonaskoch106;d209e52d-a4f7-11e6-91a5-1fc490c5cf69
paul.reichl@example.at;iceman;Paul;Reichl;paulreichl184;d209e52e-a4f7-11e6-91a5-1fc490c5cf69
alyssa.weber@gmail.com;patrick;Alyssa;Weber;alyssaweber42;d209e52f-a4f7-11e6-91a5-1fc490c5cf69
romana.schwarz@icloud.com;1234;Romana;Schwarz;romanaschwarz11;d209e530-a4f7-11e6-91a5-1fc490c5cf69
ines.schmitt@example.at;welcome;Ines;Schmitt;inesschmitt143;d209e531-a4f7-11e6-91a5-1fc490c5cf69
leonas.marx@example.at;sophie;Leonas;Marx;leonasmarx213;d209e532-a4f7-11e6-91a5-1fc490c5cf69
frederick.schreiber@company.com;password;Frederick;Schreiber;frederickschreiber3;d209e533-a4f7-11e6-91a5-1fc490c5cf69
alexander.maier@haralson.at;camaro;Alexander;Maier;alexandermaier164;d209e534-a4f7-11e6-91a5-1fc490c5cf69
lenn.schneider@mail.com;whatever;Lenn;Schneider;lennschneider111;d209e535-a4f7-11e6-91a5-1fc490c5cf69
gabriel.stadtler@haralson.at;silver;Gabriel;Stadtler;gabrielstadtler139;d209e536-a4f7-11e6-91a5-1fc490c5cf69
paul.fuchs@company.at;letmein;Paul;Fuchs;paulfuchs31;d209e537-a4f7-11e6-91a5-1fc490c5cf69
alena.meyer@live.at;Peanuts;Alena;Meyer;alenameyer224;d209e538-a4f7-11e6-91a5-1fc490c5cf69
lynn.fischer@gmx.de;maggie;Lynn;Fischer;lynnfischer32;d209e539-a4f7-11e6-91a5-1fc490c5cf69
daniel.hoffmann@mail.com;calvin;Daniel;Hoffmann;danielhoffmann46;d209e53a-a4f7-11e6-91a5-1fc490c5cf69
clara.stadtler@microsoft.com;love;Clara;Stadtler;clarastadtler87;d209e53b-a4f7-11e6-91a5-1fc490c5cf69
marie.richter@spengergasse.at;iceman;Marie;Richter;marierichter184;d209e53c-a4f7-11e6-91a5-1fc490c5cf69
nadja.hartmann@hotmail.com;george;Nadja;Hartmann;nadjahartmann82;d209e53d-a4f7-11e6-91a5-1fc490c5cf69
frederick.schulz@example.com;andy;Frederick;Schulz;frederickschulz115;d209e53e-a4f7-11e6-91a5-1fc490c5cf69
alyssa.jung@spengergasse.at;magic;Alyssa;Jung;alyssajung67;d209e53f-a4f7-11e6-91a5-1fc490c5cf69
nina.kantner@google.com;biteme;Nina;Kantner;ninakantner119;d209e540-a4f7-11e6-91a5-1fc490c5cf69
gloria.lang@mail.eu;alex;Gloria;Lang;glorialang55;d209e541-a4f7-11e6-91a5-1fc490c5cf69
anya.fuchs@mail.com;ranger;Anya;Fuchs;anyafuchs25;d209e542-a4f7-11e6-91a5-1fc490c5cf69
daniel.lang@outlook.com;caitlin;Daniel;Lang;daniellang163;d209e543-a4f7-11e6-91a5-1fc490c5cf69
cristina.fischer@company.com;shalom;Cristina;Fischer;cristinafischer138;d209e544-a4f7-11e6-91a5-1fc490c5cf69
matthias.fischer@mail.eu;ginger;Matthias;Fischer;matthiasfischer180;d209e545-a4f7-11e6-91a5-1fc490c5cf69
sandro.lehmann@aon.at;missy;Sandro;Lehmann;sandrolehmann90;d209e546-a4f7-11e6-91a5-1fc490c5cf69
frederick.becker@comundo.com;mike;Frederick;Becker;frederickbecker33;d209e547-a4f7-11e6-91a5-1fc490c5cf69
nadja.fischer@apple.com;freedom;Nadja;Fischer;nadjafischer62;d209e548-a4f7-11e6-91a5-1fc490c5cf69
max.schulz@hotmail.at;michael;Max;Schulz;maxschulz39;d209e549-a4f7-11e6-91a5-1fc490c5cf69
adrian.horwath@company.com;stephanie;Adrian;Horwath;adrianhorwath215;d209e54a-a4f7-11e6-91a5-1fc490c5cf69
constantin.klein@google.com;canada;Constantin;Klein;constantinklein23;d209e54b-a4f7-11e6-91a5-1fc490c5cf69
clara.hoffmann@comundo.com;carmen;Clara;Hoffmann;clarahoffmann14;d209e54c-a4f7-11e6-91a5-1fc490c5cf69
michaela.schmitt@microsoft.com;wally;Michaela;Schmitt;michaelaschmitt226;d209e54d-a4f7-11e6-91a5-1fc490c5cf69
sophie.weber@company.com;charlie;Sophie;Weber;sophieweber165;d209e54e-a4f7-11e6-91a5-1fc490c5cf69
clara.schmitt@mail.at;rainbow;Clara;Schmitt;claraschmitt206;d209e54f-a4f7-11e6-91a5-1fc490c5cf69
oskar.schmitt@example.com;rascal;Oskar;Schmitt;oskarschmitt134;d209e550-a4f7-11e6-91a5-1fc490c5cf69
lenn.schulz@spengergasse.at;shannon;Lenn;Schulz;lennschulz210;d209e551-a4f7-11e6-91a5-1fc490c5cf69
daniel.lehmann@company.com;ranger;Daniel;Lehmann;daniellehmann25;d209e552-a4f7-11e6-91a5-1fc490c5cf69
daniel.schmidt@haralson.at;apple;Daniel;Schmidt;danielschmidt56;d209e553-a4f7-11e6-91a5-1fc490c5cf69
celine.kantner@haralson.com;please;Celine;Kantner;celinekantner133;d209e554-a4f7-11e6-91a5-1fc490c5cf69
gloria.lehmann@example.com;cricket;Gloria;Lehmann;glorialehmann169;d209e555-a4f7-11e6-91a5-1fc490c5cf69
manuel.meier@mail.com;rabbit;Manuel;Meier;manuelmeier100;d209e556-a4f7-11e6-91a5-1fc490c5cf69
michael.scholz@mail.com;angel;Michael;Scholz;michaelscholz116;d209e557-a4f7-11e6-91a5-1fc490c5cf69
alexander.koch@hotmail.com;chicken;Alexander;Koch;alexanderkoch166;d209e558-a4f7-11e6-91a5-1fc490c5cf69
adrian.schneider@live.at;jennifer;Adrian;Schneider;adrianschneider85;d209e559-a4f7-11e6-91a5-1fc490c5cf69
lennard.hoffmann@apple.com;iloveyou;Lennard;Hoffmann;lennardhoffmann84;d209e55a-a4f7-11e6-91a5-1fc490c5cf69
nadja.hoffmann@comundo.com;tiger;Nadja;Hoffmann;nadjahoffmann53;d209e55b-a4f7-11e6-91a5-1fc490c5cf69
johannes.schmid@gmx.at;dakota;Johannes;Schmid;johannesschmid170;d209e55c-a4f7-11e6-91a5-1fc490c5cf69
max.koch@mail.at;password1;Max;Koch;maxkoch4;d20a0c10-a4f7-11e6-91a5-1fc490c5cf69
constantin.heilig@company.at;1q2w3e;Constantin;Heilig;constantinheilig229;d20a0c11-a4f7-11e6-91a5-1fc490c5cf69
leonas.zimmermann@apple.com;tristan;Leonas;Zimmermann;leonaszimmermann225;d20a0c12-a4f7-11e6-91a5-1fc490c5cf69
paul.weiﬂ@mail.eu;jordan;Paul;Weiﬂ;paulweiﬂ38;d20a0c13-a4f7-11e6-91a5-1fc490c5cf69
ines.fischer@hotmail.com;donald;Ines;Fischer;inesfischer28;d20a0c14-a4f7-11e6-91a5-1fc490c5cf69
adrian.wolf@mail.at;internet;Adrian;Wolf;adrianwolf18;d20a0c15-a4f7-11e6-91a5-1fc490c5cf69
nadja.hoffmann@example.eu;reliant;Nadja;Hoffmann;nadjahoffmann211;d20a0c16-a4f7-11e6-91a5-1fc490c5cf69
lynn.bauer@comundo.com;boomer;Lynn;Bauer;lynnbauer120;d20a0c17-a4f7-11e6-91a5-1fc490c5cf69
kilian.horwath@gmx.de;wally;Kilian;Horwath;kilianhorwath226;d20a0c18-a4f7-11e6-91a5-1fc490c5cf69
oskar.braun@company.com;snoopy;Oskar;Braun;oskarbraun35;d20a0c19-a4f7-11e6-91a5-1fc490c5cf69
frederick.stefan@comundo.at;knight;Frederick;Stefan;frederickstefan192;d20a0c1a-a4f7-11e6-91a5-1fc490c5cf69
natalie.kaiser@gmail.com;alex;Natalie;Kaiser;nataliekaiser55;d20a0c1b-a4f7-11e6-91a5-1fc490c5cf69
lennard.meier@mail.at;123;Lennard;Meier;lennardmeier20;d20a0c1c-a4f7-11e6-91a5-1fc490c5cf69
alyssa.hahn@comundo.com;chelsea;Alyssa;Hahn;alyssahahn59;d20a0c1d-a4f7-11e6-91a5-1fc490c5cf69
john.neumann@icloud.com;orange;John;Neumann;johnneumann132;d20a0c1e-a4f7-11e6-91a5-1fc490c5cf69
eva.stefan@example.at;freedom;Eva;Stefan;evastefan62;d20a0c1f-a4f7-11e6-91a5-1fc490c5cf69
anna.schulz@company.com;andrea;Anna;Schulz;annaschulz150;d20a0c20-a4f7-11e6-91a5-1fc490c5cf69
david.stadtler@haralson.com;steve;David;Stadtler;davidstadtler217;d20a0c21-a4f7-11e6-91a5-1fc490c5cf69
anya.fuchs@comundo.at;marina;Anya;Fuchs;anyafuchs88;d20a0c22-a4f7-11e6-91a5-1fc490c5cf69
anya.weiﬂ@apple.com;batman;Anya;Weiﬂ;anyaweiﬂ75;d20a0c23-a4f7-11e6-91a5-1fc490c5cf69
marie.horwath@example.eu;pepper;Marie;Horwath;mariehorwath96;d20a0c24-a4f7-11e6-91a5-1fc490c5cf69
romana.stadtler@company.at;steven;Romana;Stadtler;romanastadtler107;d20a0c25-a4f7-11e6-91a5-1fc490c5cf69
gloria.huber@mail.at;access;Gloria;Huber;gloriahuber147;d20a0c26-a4f7-11e6-91a5-1fc490c5cf69
romana.marx@comundo.com;dragon;Romana;Marx;romanamarx37;d20a0c27-a4f7-11e6-91a5-1fc490c5cf69
max.weiﬂ@example.eu;happy;Max;Weiﬂ;maxweiﬂ83;d20a0c28-a4f7-11e6-91a5-1fc490c5cf69
gloria.huber@comundo.com;if6was9;Gloria;Huber;gloriahuber193;d20a0c29-a4f7-11e6-91a5-1fc490c5cf69
michael.herrmann@outlook.com;snoopy;Michael;Herrmann;michaelherrmann35;d20a0c2a-a4f7-11e6-91a5-1fc490c5cf69
lisa.emerich@company.com;eeyore;Lisa;Emerich;lisaemerich79;d20a0c2b-a4f7-11e6-91a5-1fc490c5cf69
tom.stadtler@example.eu;murphy;Tom;Stadtler;tomstadtler200;d20a0c2c-a4f7-11e6-91a5-1fc490c5cf69
daniel.richter@mail.com;lizard;Daniel;Richter;danielrichter195;d20a0c2d-a4f7-11e6-91a5-1fc490c5cf69
robin.lange@company.at;missy;Robin;Lange;robinlange90;d20a0c2e-a4f7-11e6-91a5-1fc490c5cf69
sandro.wagner@haralson.at;jennifer;Sandro;Wagner;sandrowagner85;d20a0c2f-a4f7-11e6-91a5-1fc490c5cf69
frederick.maier@gmx.de;spring;Frederick;Maier;frederickmaier106;d20a0c30-a4f7-11e6-91a5-1fc490c5cf69
celine.wagner@gmail.com;jessica;Celine;Wagner;celinewagner186;d20a0c31-a4f7-11e6-91a5-1fc490c5cf69
mia.schmitz@hotmail.at;dakota;Mia;Schmitz;miaschmitz170;d20a0c32-a4f7-11e6-91a5-1fc490c5cf69
alexander.weiﬂ@comundo.com;stephen;Alexander;Weiﬂ;alexanderweiﬂ216;d20a0c33-a4f7-11e6-91a5-1fc490c5cf69
gabriel.mayer@company.com;iloveyou;Gabriel;Mayer;gabrielmayer84;d20a0c34-a4f7-11e6-91a5-1fc490c5cf69
michaela.fischer@microsoft.com;iloveyou;Michaela;Fischer;michaelafischer84;d20a0c35-a4f7-11e6-91a5-1fc490c5cf69
gabriel.lang@example.com;123;Gabriel;Lang;gabriellang20;d20a3320-a4f7-11e6-91a5-1fc490c5cf69
celine.neumann@company.at;love;Celine;Neumann;celineneumann87;d20a3321-a4f7-11e6-91a5-1fc490c5cf69
ines.meyer@aon.at;asdfgh;Ines;Meyer;inesmeyer73;d20a3322-a4f7-11e6-91a5-1fc490c5cf69
kilian.kaiser@outlook.com;lissabon;Kilian;Kaiser;kiliankaiser97;d20a3323-a4f7-11e6-91a5-1fc490c5cf69
gloria.schneider@outlook.com;snoopy;Gloria;Schneider;gloriaschneider35;d20a3324-a4f7-11e6-91a5-1fc490c5cf69
mia.lange@example.com;iceman;Mia;Lange;mialange184;d20a3325-a4f7-11e6-91a5-1fc490c5cf69
constantin.unger@apple.com;bear;Constantin;Unger;constantinunger45;d20a3326-a4f7-11e6-91a5-1fc490c5cf69
manuel.schubert@mail.com;hammer;Manuel;Schubert;manuelschubert182;d20a3327-a4f7-11e6-91a5-1fc490c5cf69
fritz.becker@comundo.at;miller;Fritz;Becker;fritzbecker52;d20a3328-a4f7-11e6-91a5-1fc490c5cf69
anya.klein@apple.com;password1;Anya;Klein;anyaklein4;d20a3329-a4f7-11e6-91a5-1fc490c5cf69
leonas.lehmann@live.at;123;Leonas;Lehmann;leonaslehmann20;d20a332a-a4f7-11e6-91a5-1fc490c5cf69
ines.schmitz@mail.at;pentium;Ines;Schmitz;inesschmitz203;d20a332b-a4f7-11e6-91a5-1fc490c5cf69
lisa.weiﬂ@example.com;football;Lisa;Weiﬂ;lisaweiﬂ81;d20a332c-a4f7-11e6-91a5-1fc490c5cf69
emilia.schmid@mail.at;letmein;Emilia;Schmid;emiliaschmid31;d20a332d-a4f7-11e6-91a5-1fc490c5cf69
sophie.hartmann@spengergasse.at;mother;Sophie;Hartmann;sophiehartmann198;d20a332e-a4f7-11e6-91a5-1fc490c5cf69
timo.marx@mail.eu;andrea;Timo;Marx;timomarx150;d20a332f-a4f7-11e6-91a5-1fc490c5cf69
cristina.hoffmann@icloud.com;michelle;Cristina;Hoffmann;cristinahoffmann40;d20a3330-a4f7-11e6-91a5-1fc490c5cf69
paul.reichl@haralson.at;smile;Paul;Reichl;paulreichl104;d20a3331-a4f7-11e6-91a5-1fc490c5cf69
lennard.hahn@haralson.com;internet;Lennard;Hahn;lennardhahn18;d20a3332-a4f7-11e6-91a5-1fc490c5cf69
sandro.schubert@company.eu;123abc;Sandro;Schubert;sandroschubert43;d20a3333-a4f7-11e6-91a5-1fc490c5cf69
sandro.bauer@company.at;silver;Sandro;Bauer;sandrobauer139;d20a3334-a4f7-11e6-91a5-1fc490c5cf69
clara.mayer@hotmail.com;111111;Clara;Mayer;claramayer145;d20a3335-a4f7-11e6-91a5-1fc490c5cf69
anya.hahn@example.com;123456;Anya;Hahn;anyahahn1;d20a3336-a4f7-11e6-91a5-1fc490c5cf69
oskar.kantner@mail.com;Cougar;Oskar;Kantner;oskarkantner36;d20a3337-a4f7-11e6-91a5-1fc490c5cf69
michael.reichl@company.eu;skippy;Michael;Reichl;michaelreichl140;d20a3338-a4f7-11e6-91a5-1fc490c5cf69
frederick.braun@hotmail.at;jessica;Frederick;Braun;frederickbraun186;d20a3339-a4f7-11e6-91a5-1fc490c5cf69
leonas.herrmann@live.at;Cougar;Leonas;Herrmann;leonasherrmann36;d20a333a-a4f7-11e6-91a5-1fc490c5cf69
johannes.wagner@company.at;666666;Johannes;Wagner;johanneswagner50;d20a333b-a4f7-11e6-91a5-1fc490c5cf69
lisa.walter@icloud.com;a1b2c3;Lisa;Walter;lisawalter19;d20a333c-a4f7-11e6-91a5-1fc490c5cf69
mia.braun@haralson.com;anthony;Mia;Braun;miabraun152;d20a333d-a4f7-11e6-91a5-1fc490c5cf69
adrian.lehmann@microsoft.com;mother;Adrian;Lehmann;adrianlehmann198;d20a333e-a4f7-11e6-91a5-1fc490c5cf69
matthias.wolf@example.eu;111111;Matthias;Wolf;matthiaswolf145;d20a333f-a4f7-11e6-91a5-1fc490c5cf69
clara.schmid@haralson.com;stephen;Clara;Schmid;claraschmid216;d20a3340-a4f7-11e6-91a5-1fc490c5cf69
oskar.neumann@gmail.com;charlie;Oskar;Neumann;oskarneumann165;d20a3341-a4f7-11e6-91a5-1fc490c5cf69
cristina.becker@comundo.com;hammer;Cristina;Becker;cristinabecker182;d20a3342-a4f7-11e6-91a5-1fc490c5cf69
lennard.fuchs@microsoft.com;sunshine;Lennard;Fuchs;lennardfuchs109;d20a3343-a4f7-11e6-91a5-1fc490c5cf69
lennard.wolf@company.com;bradley;Lennard;Wolf;lennardwolf160;d20a3344-a4f7-11e6-91a5-1fc490c5cf69
marie.schreiber@hotmail.com;12345;Marie;Schreiber;marieschreiber2;d20a3345-a4f7-11e6-91a5-1fc490c5cf69
sandro.schmitz@company.eu;service;Sandro;Schmitz;sandroschmitz21;d20a3346-a4f7-11e6-91a5-1fc490c5cf69
lennard.walter@aon.at;mike;Lennard;Walter;lennardwalter33;d20a3347-a4f7-11e6-91a5-1fc490c5cf69
mia.weiﬂ@live.at;8675309;Mia;Weiﬂ;miaweiﬂ113;d20a3348-a4f7-11e6-91a5-1fc490c5cf69
jacob.klein@apple.com;biteme;Jacob;Klein;jacobklein119;d20a3349-a4f7-11e6-91a5-1fc490c5cf69
daniel.klein@example.eu;avalon;Daniel;Klein;danielklein57;d20a334a-a4f7-11e6-91a5-1fc490c5cf69
michael.lange@company.com;a1b2c3;Michael;Lange;michaellange19;d20a334b-a4f7-11e6-91a5-1fc490c5cf69
sandro.stefan@microsoft.com;rachel;Sandro;Stefan;sandrostefan101;d20a334c-a4f7-11e6-91a5-1fc490c5cf69
eva.koch@example.com;welcome;Eva;Koch;evakoch143;d20a334d-a4f7-11e6-91a5-1fc490c5cf69
michaela.schwarz@gmail.com;computer;Michaela;Schwarz;michaelaschwarz9;d20a334e-a4f7-11e6-91a5-1fc490c5cf69
marie.scholz@gmail.com;a1b2c3;Marie;Scholz;mariescholz19;d20a334f-a4f7-11e6-91a5-1fc490c5cf69
romana.hoffmann@icloud.com;smile;Romana;Hoffmann;romanahoffmann104;d20a3350-a4f7-11e6-91a5-1fc490c5cf69
romana.walter@aon.at;chicken;Romana;Walter;romanawalter166;d20a3351-a4f7-11e6-91a5-1fc490c5cf69
alexander.schmitt@hotmail.com;password1;Alexander;Schmitt;alexanderschmitt4;d20a3352-a4f7-11e6-91a5-1fc490c5cf69
robin.schubert@haralson.at;dakota;Robin;Schubert;robinschubert170;d20a3353-a4f7-11e6-91a5-1fc490c5cf69
michaela.braun@comundo.com;trophy;Michaela;Braun;michaelabraun22;d20a3354-a4f7-11e6-91a5-1fc490c5cf69
johanna.neumann@company.eu;12345678;Johanna;Neumann;johannaneumann6;d20a3355-a4f7-11e6-91a5-1fc490c5cf69
sandro.lang@aon.at;password1;Sandro;Lang;sandrolang4;d20a3356-a4f7-11e6-91a5-1fc490c5cf69
lynn.hoffmann@gmail.com;please;Lynn;Hoffmann;lynnhoffmann133;d20a3357-a4f7-11e6-91a5-1fc490c5cf69
eva.wagner@mail.com;spring;Eva;Wagner;evawagner106;d20a3358-a4f7-11e6-91a5-1fc490c5cf69
paul.hartmann@mail.com;paris;Paul;Hartmann;paulhartmann202;d20a3359-a4f7-11e6-91a5-1fc490c5cf69
nina.schmidt@live.at;fishing;Nina;Schmidt;ninaschmidt80;d20a335a-a4f7-11e6-91a5-1fc490c5cf69
jacob.jung@company.com;andrea;Jacob;Jung;jacobjung150;d20a335b-a4f7-11e6-91a5-1fc490c5cf69
michaela.weber@live.at;william;Michaela;Weber;michaelaweber227;d20a335c-a4f7-11e6-91a5-1fc490c5cf69
emilia.herrmann@apple.com;123456;Emilia;Herrmann;emiliaherrmann1;d20a335d-a4f7-11e6-91a5-1fc490c5cf69
alyssa.zeiner@company.eu;jessica;Alyssa;Zeiner;alyssazeiner186;d20a335e-a4f7-11e6-91a5-1fc490c5cf69
lisa.schmitz@gmx.de;wally;Lisa;Schmitz;lisaschmitz226;d20a335f-a4f7-11e6-91a5-1fc490c5cf69
manuel.horwath@spengergasse.at;whatever;Manuel;Horwath;manuelhorwath111;d20a3360-a4f7-11e6-91a5-1fc490c5cf69
frederick.schwarz@mail.at;buddy;Frederick;Schwarz;frederickschwarz162;d20a3361-a4f7-11e6-91a5-1fc490c5cf69
nadja.hoffmann@mail.eu;pepper;Nadja;Hoffmann;nadjahoffmann96;d20a3362-a4f7-11e6-91a5-1fc490c5cf69
sophie.lehmann@example.at;canada;Sophie;Lehmann;sophielehmann23;d20a3363-a4f7-11e6-91a5-1fc490c5cf69
nadja.herrmann@gmail.com;david;Nadja;Herrmann;nadjaherrmann173;d20a3364-a4f7-11e6-91a5-1fc490c5cf69
cristina.lange@gmx.de;justin;Cristina;Lange;cristinalange190;d20a3365-a4f7-11e6-91a5-1fc490c5cf69
mia.hoffmann@example.at;1234567890;Mia;Hoffmann;miahoffmann7;d20a3366-a4f7-11e6-91a5-1fc490c5cf69
max.weber@hotmail.at;madison;Max;Weber;maxweber196;d20a3367-a4f7-11e6-91a5-1fc490c5cf69
stefanie.koch@example.eu;boris;Stefanie;Koch;stefaniekoch76;d20a3368-a4f7-11e6-91a5-1fc490c5cf69
jacob.unger@hotmail.com;chicken;Jacob;Unger;jacobunger166;d20a3369-a4f7-11e6-91a5-1fc490c5cf69
oskar.reichl@gmx.de;computer;Oskar;Reichl;oskarreichl9;d20a336a-a4f7-11e6-91a5-1fc490c5cf69
nadja.klein@mail.at;heather;Nadja;Klein;nadjaklein183;d20a336b-a4f7-11e6-91a5-1fc490c5cf69
nadja.schreiber@haralson.com;chicken;Nadja;Schreiber;nadjaschreiber166;d20a336c-a4f7-11e6-91a5-1fc490c5cf69
anya.heilig@icloud.com;letmein;Anya;Heilig;anyaheilig31;d20a336d-a4f7-11e6-91a5-1fc490c5cf69
natalie.schmidt@gmx.de;success;Natalie;Schmidt;natalieschmidt108;d20a336e-a4f7-11e6-91a5-1fc490c5cf69
manuel.zeiner@gmail.com;reliant;Manuel;Zeiner;manuelzeiner211;d20a336f-a4f7-11e6-91a5-1fc490c5cf69
adam.unger@gmail.com;zapata;Adam;Unger;adamunger112;d20a3370-a4f7-11e6-91a5-1fc490c5cf69
alyssa.hartmann@gmail.com;123abc;Alyssa;Hartmann;alyssahartmann43;d20a3371-a4f7-11e6-91a5-1fc490c5cf69
fritz.hahn@company.com;notused;Fritz;Hahn;fritzhahn74;d20a3372-a4f7-11e6-91a5-1fc490c5cf69
johanna.mayer@apple.com;mickey;Johanna;Mayer;johannamayer15;d20a3373-a4f7-11e6-91a5-1fc490c5cf69
klaus.hartmann@hotmail.com;jonathan;Klaus;Hartmann;klaushartmann86;d20a3374-a4f7-11e6-91a5-1fc490c5cf69
romana.fischer@company.at;trophy;Romana;Fischer;romanafischer22;d20a3375-a4f7-11e6-91a5-1fc490c5cf69
gabriel.lange@aon.at;smile;Gabriel;Lange;gabriellange104;d20a3376-a4f7-11e6-91a5-1fc490c5cf69
matthias.schreiber@haralson.com;black;Matthias;Schreiber;matthiasschreiber157;d20a3377-a4f7-11e6-91a5-1fc490c5cf69
lynn.lange@gmail.com;helpme;Lynn;Lange;lynnlange65;d20a3378-a4f7-11e6-91a5-1fc490c5cf69
lennard.horwath@icloud.com;freedom;Lennard;Horwath;lennardhorwath62;d20a3379-a4f7-11e6-91a5-1fc490c5cf69
sandro.emerich@gmx.at;shannon;Sandro;Emerich;sandroemerich210;d20a337a-a4f7-11e6-91a5-1fc490c5cf69
ines.reichl@gmx.at;karen;Ines;Reichl;inesreichl130;d20a337b-a4f7-11e6-91a5-1fc490c5cf69
lenn.mayer@hotmail.com;delta;Lenn;Mayer;lennmayer124;d20a337c-a4f7-11e6-91a5-1fc490c5cf69
stefanie.schreiber@company.at;steven;Stefanie;Schreiber;stefanieschreiber107;d20a337d-a4f7-11e6-91a5-1fc490c5cf69
christoph.weber@hotmail.at;hallowell;Christoph;Weber;christophweber99;d20a337e-a4f7-11e6-91a5-1fc490c5cf69
marie.schubert@comundo.at;ashley;Marie;Schubert;marieschubert154;d20a337f-a4f7-11e6-91a5-1fc490c5cf69
daniel.huber@microsoft.com;cindy;Daniel;Huber;danielhuber168;d20a5a30-a4f7-11e6-91a5-1fc490c5cf69
johanna.schubert@microsoft.com;richard;Johanna;Schubert;johannaschubert135;d20a5a31-a4f7-11e6-91a5-1fc490c5cf69
eva.hahn@icloud.com;asdfjkl;Eva;Hahn;evahahn153;d20a5a32-a4f7-11e6-91a5-1fc490c5cf69
john.schmidt@comundo.com;alex;John;Schmidt;johnschmidt55;d20a5a33-a4f7-11e6-91a5-1fc490c5cf69
christoph.hoffmann@gmail.com;apple;Christoph;Hoffmann;christophhoffmann56;d20a5a34-a4f7-11e6-91a5-1fc490c5cf69
mia.braun@hotmail.at;asdfgh;Mia;Braun;miabraun73;d20a5a35-a4f7-11e6-91a5-1fc490c5cf69
frederick.reichl@company.eu;coffee;Frederick;Reichl;frederickreichl60;d20a5a36-a4f7-11e6-91a5-1fc490c5cf69
nadja.wagner@example.com;1234;Nadja;Wagner;nadjawagner11;d20a5a37-a4f7-11e6-91a5-1fc490c5cf69
david.weiﬂ@hotmail.com;delta;David;Weiﬂ;davidweiﬂ124;d20a5a38-a4f7-11e6-91a5-1fc490c5cf69
lennard.schmitt@live.at;bob;Lennard;Schmitt;lennardschmitt158;d20a5a39-a4f7-11e6-91a5-1fc490c5cf69
matthias.braun@hotmail.at;tigger;Matthias;Braun;matthiasbraun10;d20a5a3a-a4f7-11e6-91a5-1fc490c5cf69
stefanie.lange@mail.at;carmen;Stefanie;Lange;stefanielange14;d20a5a3b-a4f7-11e6-91a5-1fc490c5cf69
manuel.jung@outlook.com;chicken;Manuel;Jung;manueljung166;d20a5a3c-a4f7-11e6-91a5-1fc490c5cf69
sandro.weber@mail.at;sandy;Sandro;Weber;sandroweber207;d20a5a3d-a4f7-11e6-91a5-1fc490c5cf69
johannes.bauer@gmx.de;dragon;Johannes;Bauer;johannesbauer37;d20a5a3e-a4f7-11e6-91a5-1fc490c5cf69
gloria.scholz@comundo.com;tiger;Gloria;Scholz;gloriascholz53;d20a5a3f-a4f7-11e6-91a5-1fc490c5cf69
constantin.becker@mail.eu;thomas;Constantin;Becker;constantinbecker71;d20a5a40-a4f7-11e6-91a5-1fc490c5cf69
sophie.werner@example.eu;daniel;Sophie;Werner;sophiewerner172;d20a5a41-a4f7-11e6-91a5-1fc490c5cf69
lisa.hoffmann@hotmail.at;abc123;Lisa;Hoffmann;lisahoffmann8;d20a5a42-a4f7-11e6-91a5-1fc490c5cf69
daniel.mayer@company.at;maggie;Daniel;Mayer;danielmayer32;d20a5a43-a4f7-11e6-91a5-1fc490c5cf69
cristina.bauer@microsoft.com;alexander;Cristina;Bauer;cristinabauer149;d20a5a44-a4f7-11e6-91a5-1fc490c5cf69
nadja.weber@mail.com;a1b2c3;Nadja;Weber;nadjaweber19;d20a5a45-a4f7-11e6-91a5-1fc490c5cf69
mia.lehmann@example.eu;batman;Mia;Lehmann;mialehmann75;d20a5a46-a4f7-11e6-91a5-1fc490c5cf69
kilian.fuchs@mail.at;chicken;Kilian;Fuchs;kilianfuchs166;d20a5a47-a4f7-11e6-91a5-1fc490c5cf69
paul.kaiser@example.at;dragon;Paul;Kaiser;paulkaiser37;d20a5a48-a4f7-11e6-91a5-1fc490c5cf69
robin.weiﬂ@comundo.com;rocket;Robin;Weiﬂ;robinweiﬂ102;d20a5a49-a4f7-11e6-91a5-1fc490c5cf69
paul.becker@apple.com;dragon;Paul;Becker;paulbecker37;d20a5a4a-a4f7-11e6-91a5-1fc490c5cf69
johannes.schwarz@gmail.com;hammer;Johannes;Schwarz;johannesschwarz182;d20a5a4b-a4f7-11e6-91a5-1fc490c5cf69
nina.maier@comundo.com;secret;Nina;Maier;ninamaier16;d20a5a4c-a4f7-11e6-91a5-1fc490c5cf69
adam.schmitt@haralson.at;whatever;Adam;Schmitt;adamschmitt111;d20a5a4d-a4f7-11e6-91a5-1fc490c5cf69
sophie.heilig@spengergasse.at;shadow;Sophie;Heilig;sophieheilig26;d20a5a4e-a4f7-11e6-91a5-1fc490c5cf69
celine.schulz@hotmail.com;fisher;Celine;Schulz;celineschulz126;d20a5a4f-a4f7-11e6-91a5-1fc490c5cf69
frederick.wagner@gmail.com;stephen;Frederick;Wagner;frederickwagner216;d20a5a50-a4f7-11e6-91a5-1fc490c5cf69
stefanie.emerich@comundo.com;muffin;Stefanie;Emerich;stefanieemerich199;d20a5a51-a4f7-11e6-91a5-1fc490c5cf69
clara.stadtler@company.at;hallowell;Clara;Stadtler;clarastadtler99;d20a5a52-a4f7-11e6-91a5-1fc490c5cf69
eva.weiﬂ@live.at;zapata;Eva;Weiﬂ;evaweiﬂ112;d20a5a53-a4f7-11e6-91a5-1fc490c5cf69
alexander.schmitz@mail.at;missy;Alexander;Schmitz;alexanderschmitz90;d20a5a54-a4f7-11e6-91a5-1fc490c5cf69
max.braun@aon.at;charlie;Max;Braun;maxbraun165;d20a5a55-a4f7-11e6-91a5-1fc490c5cf69
ines.horwath@haralson.at;marina;Ines;Horwath;ineshorwath88;d20a5a56-a4f7-11e6-91a5-1fc490c5cf69
alexander.reichl@mail.com;mary;Alexander;Reichl;alexanderreichl197;d20a5a57-a4f7-11e6-91a5-1fc490c5cf69
clara.walter@company.eu;steve;Clara;Walter;clarawalter217;d20a5a58-a4f7-11e6-91a5-1fc490c5cf69
anna.hartmann@gmail.com;boomer;Anna;Hartmann;annahartmann120;d20a5a59-a4f7-11e6-91a5-1fc490c5cf69
michaela.kaiser@example.com;knight;Michaela;Kaiser;michaelakaiser192;d20a5a5a-a4f7-11e6-91a5-1fc490c5cf69
frederick.horwath@haralson.at;paris;Frederick;Horwath;frederickhorwath202;d20a5a5b-a4f7-11e6-91a5-1fc490c5cf69
lennard.schmitt@gmx.de;justin;Lennard;Schmitt;lennardschmitt190;d20a5a5c-a4f7-11e6-91a5-1fc490c5cf69
kilian.schreiber@mail.eu;barney;Kilian;Schreiber;kilianschreiber118;d20a5a5d-a4f7-11e6-91a5-1fc490c5cf69
daniel.lang@outlook.com;monday;Daniel;Lang;daniellang91;d20a5a5e-a4f7-11e6-91a5-1fc490c5cf69
ines.zimmermann@company.com;natasha;Ines;Zimmermann;ineszimmermann93;d20a5a5f-a4f7-11e6-91a5-1fc490c5cf69
emilia.scholz@haralson.at;tiger;Emilia;Scholz;emiliascholz53;d20a5a60-a4f7-11e6-91a5-1fc490c5cf69
john.kantner@example.at;trophy;John;Kantner;johnkantner22;d20a5a61-a4f7-11e6-91a5-1fc490c5cf69
michaela.zeiner@icloud.com;summer;Michaela;Zeiner;michaelazeiner17;d20a5a62-a4f7-11e6-91a5-1fc490c5cf69
daniel.lange@example.at;madison;Daniel;Lange;daniellange196;d20a5a63-a4f7-11e6-91a5-1fc490c5cf69
johannes.fuchs@example.eu;mother;Johannes;Fuchs;johannesfuchs198;d20a5a64-a4f7-11e6-91a5-1fc490c5cf69
kilian.bauer@company.com;donald;Kilian;Bauer;kilianbauer28;d20a5a65-a4f7-11e6-91a5-1fc490c5cf69
johannes.schulz@example.at;shannon;Johannes;Schulz;johannesschulz210;d20a5a66-a4f7-11e6-91a5-1fc490c5cf69
klaus.kantner@mail.com;tennis;Klaus;Kantner;klauskantner220;d20a5a67-a4f7-11e6-91a5-1fc490c5cf69
klaus.hoffmann@microsoft.com;baseball;Klaus;Hoffmann;klaushoffmann27;d20a5a68-a4f7-11e6-91a5-1fc490c5cf69
anna.richter@haralson.com;jordan;Anna;Richter;annarichter38;d20a5a69-a4f7-11e6-91a5-1fc490c5cf69
michael.becker@gmail.com;bob;Michael;Becker;michaelbecker158;d20a5a6a-a4f7-11e6-91a5-1fc490c5cf69
fritz.lange@haralson.at;pentium;Fritz;Lange;fritzlange203;d20a5a6b-a4f7-11e6-91a5-1fc490c5cf69
emilia.horwath@example.com;fisher;Emilia;Horwath;emiliahorwath126;d20a5a6c-a4f7-11e6-91a5-1fc490c5cf69
klaus.schulz@comundo.com;scooter;Klaus;Schulz;klausschulz137;d20a5a6d-a4f7-11e6-91a5-1fc490c5cf69
stefanie.meier@example.com;jason;Stefanie;Meier;stefaniemeier185;d20a5a6e-a4f7-11e6-91a5-1fc490c5cf69
sophie.zeiner@live.at;service;Sophie;Zeiner;sophiezeiner21;d20a5a6f-a4f7-11e6-91a5-1fc490c5cf69
nadja.schmitz@mail.com;debbie;Nadja;Schmitz;nadjaschmitz174;d20a5a70-a4f7-11e6-91a5-1fc490c5cf69
constantin.huber@example.eu;summer;Constantin;Huber;constantinhuber17;d20a5a71-a4f7-11e6-91a5-1fc490c5cf69
robin.horwath@company.eu;madison;Robin;Horwath;robinhorwath196;d20a5a72-a4f7-11e6-91a5-1fc490c5cf69
oskar.schmidt@company.at;helpme;Oskar;Schmidt;oskarschmidt65;d20a5a73-a4f7-11e6-91a5-1fc490c5cf69
lenn.stefan@gmx.de;iceman;Lenn;Stefan;lennstefan184;d20a5a74-a4f7-11e6-91a5-1fc490c5cf69
sandro.meier@live.at;steven;Sandro;Meier;sandromeier107;d20a5a75-a4f7-11e6-91a5-1fc490c5cf69
cristina.unger@microsoft.com;biteme;Cristina;Unger;cristinaunger119;d20a5a76-a4f7-11e6-91a5-1fc490c5cf69
lennard.fischer@gmail.com;asdfjkl;Lennard;Fischer;lennardfischer153;d20a5a77-a4f7-11e6-91a5-1fc490c5cf69
marie.maier@comundo.com;lissabon;Marie;Maier;mariemaier97;d20a5a78-a4f7-11e6-91a5-1fc490c5cf69
lynn.emerich@aon.at;snoopy;Lynn;Emerich;lynnemerich35;d20a5a79-a4f7-11e6-91a5-1fc490c5cf69
lisa.werner@aon.at;merlin;Lisa;Werner;lisawerner68;d20a5a7a-a4f7-11e6-91a5-1fc490c5cf69
natalie.wolf@company.eu;jason;Natalie;Wolf;nataliewolf185;d20a5a7b-a4f7-11e6-91a5-1fc490c5cf69
lennard.stadtler@haralson.com;dorothy;Lennard;Stadtler;lennardstadtler78;d20a5a7c-a4f7-11e6-91a5-1fc490c5cf69
mia.hartmann@microsoft.com;marley;Mia;Hartmann;miahartmann131;d20a5a7d-a4f7-11e6-91a5-1fc490c5cf69
gloria.fischer@aon.at;sophie;Gloria;Fischer;gloriafischer213;d20a5a7e-a4f7-11e6-91a5-1fc490c5cf69
anna.stefan@microsoft.com;stephanie;Anna;Stefan;annastefan215;d20a5a7f-a4f7-11e6-91a5-1fc490c5cf69
eva.schmitt@apple.com;monday;Eva;Schmitt;evaschmitt91;d20a5a80-a4f7-11e6-91a5-1fc490c5cf69
lynn.fuchs@icloud.com;letmein;Lynn;Fuchs;lynnfuchs31;d20a5a81-a4f7-11e6-91a5-1fc490c5cf69
adam.schmidt@apple.com;rainbow;Adam;Schmidt;adamschmidt206;d20a5a82-a4f7-11e6-91a5-1fc490c5cf69
nadja.fischer@microsoft.com;stanley;Nadja;Fischer;nadjafischer141;d20a5a83-a4f7-11e6-91a5-1fc490c5cf69
cristina.maier@google.com;spring;Cristina;Maier;cristinamaier106;d20a5a84-a4f7-11e6-91a5-1fc490c5cf69
johanna.huber@example.eu;caitlin;Johanna;Huber;johannahuber163;d20a5a85-a4f7-11e6-91a5-1fc490c5cf69
tom.bauer@company.at;success;Tom;Bauer;tombauer108;d20a5a86-a4f7-11e6-91a5-1fc490c5cf69
marie.schwarz@company.at;eeyore;Marie;Schwarz;marieschwarz79;d20a5a87-a4f7-11e6-91a5-1fc490c5cf69
cristina.schulz@haralson.com;hello;Cristina;Schulz;cristinaschulz24;d20a5a88-a4f7-11e6-91a5-1fc490c5cf69
max.hartmann@icloud.com;pentium;Max;Hartmann;maxhartmann203;d20a5a89-a4f7-11e6-91a5-1fc490c5cf69
adrian.werner@gmail.com;spring;Adrian;Werner;adrianwerner106;d20a5a8a-a4f7-11e6-91a5-1fc490c5cf69
eva.hoffmann@live.at;alex;Eva;Hoffmann;evahoffmann55;d20a5a8b-a4f7-11e6-91a5-1fc490c5cf69
alena.huber@example.eu;orange;Alena;Huber;alenahuber132;d20a5a8c-a4f7-11e6-91a5-1fc490c5cf69
manuel.klein@haralson.at;alexander;Manuel;Klein;manuelklein149;d20a5a8d-a4f7-11e6-91a5-1fc490c5cf69
anya.walter@mail.com;iceman;Anya;Walter;anyawalter184;d20a5a8e-a4f7-11e6-91a5-1fc490c5cf69
john.koch@hotmail.at;Fortune;John;Koch;johnkoch47;d20a5a8f-a4f7-11e6-91a5-1fc490c5cf69
gloria.neumann@mail.com;daniel;Gloria;Neumann;glorianeumann172;d20a5a90-a4f7-11e6-91a5-1fc490c5cf69
celine.schreiber@example.com;abc123;Celine;Schreiber;celineschreiber8;d20a5a91-a4f7-11e6-91a5-1fc490c5cf69
lisa.schulz@microsoft.com;iloveyou;Lisa;Schulz;lisaschulz84;d20a5a92-a4f7-11e6-91a5-1fc490c5cf69
ines.fuchs@mail.at;ashley;Ines;Fuchs;inesfuchs154;d20a5a93-a4f7-11e6-91a5-1fc490c5cf69
adrian.kaiser@comundo.at;michael;Adrian;Kaiser;adriankaiser39;d20a5a94-a4f7-11e6-91a5-1fc490c5cf69
alyssa.weber@company.at;Peanuts;Alyssa;Weber;alyssaweber224;d20a5a95-a4f7-11e6-91a5-1fc490c5cf69
frederick.schmitt@hotmail.at;tristan;Frederick;Schmitt;frederickschmitt225;d20a5a96-a4f7-11e6-91a5-1fc490c5cf69
michael.unger@mail.com;rose;Michael;Unger;michaelunger103;d20a5a97-a4f7-11e6-91a5-1fc490c5cf69
max.scholz@company.at;friend;Max;Scholz;maxscholz178;d20a5a98-a4f7-11e6-91a5-1fc490c5cf69
anna.schmitt@company.at;paris;Anna;Schmitt;annaschmitt202;d20a5a99-a4f7-11e6-91a5-1fc490c5cf69
frederick.zimmermann@mail.eu;Pentium;Frederick;Zimmermann;frederickzimmermann123;d20a8140-a4f7-11e6-91a5-1fc490c5cf69
johannes.stefan@company.com;steven;Johannes;Stefan;johannesstefan107;d20a8141-a4f7-11e6-91a5-1fc490c5cf69
robin.hartmann@company.at;linda;Robin;Hartmann;robinhartmann66;d20a8142-a4f7-11e6-91a5-1fc490c5cf69
kilian.schulz@gmx.at;marina;Kilian;Schulz;kilianschulz88;d20a8143-a4f7-11e6-91a5-1fc490c5cf69
mia.maier@microsoft.com;pepper;Mia;Maier;miamaier96;d20a8144-a4f7-11e6-91a5-1fc490c5cf69
alena.wolf@comundo.at;asdfjkl;Alena;Wolf;alenawolf153;d20a8145-a4f7-11e6-91a5-1fc490c5cf69
sandro.richter@gmx.de;letmein;Sandro;Richter;sandrorichter31;d20a8146-a4f7-11e6-91a5-1fc490c5cf69
emilia.schmidt@example.at;rocket;Emilia;Schmidt;emiliaschmidt102;d20a8147-a4f7-11e6-91a5-1fc490c5cf69
robin.schmidt@gmail.com;boris;Robin;Schmidt;robinschmidt76;d20a8148-a4f7-11e6-91a5-1fc490c5cf69
eva.marx@company.eu;wilson;Eva;Marx;evamarx228;d20a8149-a4f7-11e6-91a5-1fc490c5cf69
paul.neumann@google.com;chris;Paul;Neumann;paulneumann167;d20a814a-a4f7-11e6-91a5-1fc490c5cf69
paul.schmidt@company.at;charlie;Paul;Schmidt;paulschmidt165;d20a814b-a4f7-11e6-91a5-1fc490c5cf69
kilian.hoffmann@mail.at;rachel;Kilian;Hoffmann;kilianhoffmann101;d20a814c-a4f7-11e6-91a5-1fc490c5cf69
lenn.koch@hotmail.com;happy;Lenn;Koch;lennkoch83;d20a814d-a4f7-11e6-91a5-1fc490c5cf69
lenn.emerich@company.com;sweetie;Lenn;Emerich;lennemerich218;d20a814e-a4f7-11e6-91a5-1fc490c5cf69
clara.bauer@example.at;lizard;Clara;Bauer;clarabauer195;d20a814f-a4f7-11e6-91a5-1fc490c5cf69
michaela.fuchs@company.at;biteme;Michaela;Fuchs;michaelafuchs119;d20a8150-a4f7-11e6-91a5-1fc490c5cf69
oskar.horwath@apple.com;stephanie;Oskar;Horwath;oskarhorwath215;d20a8151-a4f7-11e6-91a5-1fc490c5cf69
anya.kaiser@haralson.at;maggie;Anya;Kaiser;anyakaiser32;d20a8152-a4f7-11e6-91a5-1fc490c5cf69
anya.braun@gmail.com;a1b2c3;Anya;Braun;anyabraun19;d20a8153-a4f7-11e6-91a5-1fc490c5cf69
frederick.bauer@mail.com;alexander;Frederick;Bauer;frederickbauer149;d20a8154-a4f7-11e6-91a5-1fc490c5cf69
gloria.lange@example.eu;linda;Gloria;Lange;glorialange66;d20a8155-a4f7-11e6-91a5-1fc490c5cf69
gabriel.braun@haralson.at;alex;Gabriel;Braun;gabrielbraun55;d20a8156-a4f7-11e6-91a5-1fc490c5cf69
matthias.schubert@example.at;dragon;Matthias;Schubert;matthiasschubert37;d20a8157-a4f7-11e6-91a5-1fc490c5cf69
jacob.maier@hotmail.com;jonathan;Jacob;Maier;jacobmaier86;d20a8158-a4f7-11e6-91a5-1fc490c5cf69
lennard.zeiner@mail.eu;andrew;Lennard;Zeiner;lennardzeiner44;d20a8159-a4f7-11e6-91a5-1fc490c5cf69
clara.stadtler@icloud.com;soccer;Clara;Stadtler;clarastadtler70;d20a815a-a4f7-11e6-91a5-1fc490c5cf69
paul.schreiber@company.eu;pentium;Paul;Schreiber;paulschreiber203;d20a815b-a4f7-11e6-91a5-1fc490c5cf69
lenn.hartmann@comundo.com;picture;Lenn;Hartmann;lennhartmann205;d20a815c-a4f7-11e6-91a5-1fc490c5cf69
constantin.scholz@gmail.com;wizard;Constantin;Scholz;constantinscholz72;d20a815d-a4f7-11e6-91a5-1fc490c5cf69
michael.stadtler@google.com;brandy;Michael;Stadtler;michaelstadtler58;d20a815e-a4f7-11e6-91a5-1fc490c5cf69
anna.schmidt@icloud.com;donald;Anna;Schmidt;annaschmidt28;d20a815f-a4f7-11e6-91a5-1fc490c5cf69
oskar.meyer@example.eu;green;Oskar;Meyer;oskarmeyer64;d20a8160-a4f7-11e6-91a5-1fc490c5cf69
max.schmidt@apple.com;reliant;Max;Schmidt;maxschmidt211;d20a8161-a4f7-11e6-91a5-1fc490c5cf69
timo.hahn@comundo.at;ChangeMe;Timo;Hahn;timohahn98;d20a8162-a4f7-11e6-91a5-1fc490c5cf69
ines.koch@outlook.com;monday;Ines;Koch;ineskoch91;d20a8163-a4f7-11e6-91a5-1fc490c5cf69
alena.maier@example.com;tristan;Alena;Maier;alenamaier225;d20a8164-a4f7-11e6-91a5-1fc490c5cf69
sophie.scholz@live.at;123456789;Sophie;Scholz;sophiescholz5;d20a8165-a4f7-11e6-91a5-1fc490c5cf69
tom.kantner@gmx.de;magic;Tom;Kantner;tomkantner67;d20a8166-a4f7-11e6-91a5-1fc490c5cf69
john.schneider@comundo.com;emily;John;Schneider;johnschneider177;d20a8167-a4f7-11e6-91a5-1fc490c5cf69
eva.koch@mail.eu;david;Eva;Koch;evakoch173;d20a8168-a4f7-11e6-91a5-1fc490c5cf69
gabriel.meier@aon.at;iceman;Gabriel;Meier;gabrielmeier184;d20a8169-a4f7-11e6-91a5-1fc490c5cf69
john.meyer@haralson.com;ranger;John;Meyer;johnmeyer25;d20a816a-a4f7-11e6-91a5-1fc490c5cf69
marie.schmitz@spengergasse.at;1234;Marie;Schmitz;marieschmitz11;d20a816b-a4f7-11e6-91a5-1fc490c5cf69
daniel.huber@hotmail.com;dorothy;Daniel;Huber;danielhuber78;d20a816c-a4f7-11e6-91a5-1fc490c5cf69
mia.weiﬂ@mail.com;helpme;Mia;Weiﬂ;miaweiﬂ65;d20a816d-a4f7-11e6-91a5-1fc490c5cf69
johannes.hoffmann@example.com;hello;Johannes;Hoffmann;johanneshoffmann24;d20a816e-a4f7-11e6-91a5-1fc490c5cf69
constantin.jung@aon.at;steven;Constantin;Jung;constantinjung107;d20a816f-a4f7-11e6-91a5-1fc490c5cf69
mia.weiﬂ@company.com;hallowell;Mia;Weiﬂ;miaweiﬂ99;d20a8170-a4f7-11e6-91a5-1fc490c5cf69
natalie.schubert@gmx.de;mickey;Natalie;Schubert;natalieschubert15;d20a8171-a4f7-11e6-91a5-1fc490c5cf69
nina.meyer@example.at;success;Nina;Meyer;ninameyer108;d20a8172-a4f7-11e6-91a5-1fc490c5cf69
klaus.hartmann@example.eu;andrew;Klaus;Hartmann;klaushartmann44;d20a8173-a4f7-11e6-91a5-1fc490c5cf69
mia.schmitz@gmail.com;Fortune;Mia;Schmitz;miaschmitz47;d20a8174-a4f7-11e6-91a5-1fc490c5cf69
sophie.meier@icloud.com;zephyr;Sophie;Meier;sophiemeier144;d20a8175-a4f7-11e6-91a5-1fc490c5cf69
michael.unger@aon.at;fisher;Michael;Unger;michaelunger126;d20aa850-a4f7-11e6-91a5-1fc490c5cf69
constantin.mayer@live.at;666666;Constantin;Mayer;constantinmayer50;d20aa851-a4f7-11e6-91a5-1fc490c5cf69
ines.schreiber@company.eu;ranger;Ines;Schreiber;inesschreiber25;d20aa852-a4f7-11e6-91a5-1fc490c5cf69
jacob.herrmann@mail.com;ncc1701;Jacob;Herrmann;jacobherrmann94;d20aa853-a4f7-11e6-91a5-1fc490c5cf69
lisa.lange@apple.com;1234;Lisa;Lange;lisalange11;d20aa854-a4f7-11e6-91a5-1fc490c5cf69
robin.wagner@gmx.de;angel;Robin;Wagner;robinwagner116;d20aa855-a4f7-11e6-91a5-1fc490c5cf69
john.schmitt@outlook.com;ChangeMe;John;Schmitt;johnschmitt98;d20aa856-a4f7-11e6-91a5-1fc490c5cf69
adam.hoffmann@comundo.at;bradley;Adam;Hoffmann;adamhoffmann160;d20aa857-a4f7-11e6-91a5-1fc490c5cf69
sandro.schmid@icloud.com;snoopy;Sandro;Schmid;sandroschmid35;d20aa858-a4f7-11e6-91a5-1fc490c5cf69
robin.zimmermann@company.eu;hello;Robin;Zimmermann;robinzimmermann24;d20aa859-a4f7-11e6-91a5-1fc490c5cf69
natalie.schneider@mail.com;Fortune;Natalie;Schneider;natalieschneider47;d20aa85a-a4f7-11e6-91a5-1fc490c5cf69
anya.schmidt@company.at;ginger;Anya;Schmidt;anyaschmidt180;d20aa85b-a4f7-11e6-91a5-1fc490c5cf69
david.neumann@gmail.com;george;David;Neumann;davidneumann82;d20aa85c-a4f7-11e6-91a5-1fc490c5cf69
stefanie.kantner@mail.eu;eeyore;Stefanie;Kantner;stefaniekantner79;d20aa85d-a4f7-11e6-91a5-1fc490c5cf69
leonas.fuchs@gmx.at;jennifer;Leonas;Fuchs;leonasfuchs85;d20aa85e-a4f7-11e6-91a5-1fc490c5cf69
nina.schmidt@comundo.com;karen;Nina;Schmidt;ninaschmidt130;d20aa85f-a4f7-11e6-91a5-1fc490c5cf69
lisa.unger@mail.eu;monday;Lisa;Unger;lisaunger91;d20aa860-a4f7-11e6-91a5-1fc490c5cf69
nina.herrmann@gmail.com;rainbow;Nina;Herrmann;ninaherrmann206;d20aa861-a4f7-11e6-91a5-1fc490c5cf69
mia.unger@hotmail.com;qwerty;Mia;Unger;miaunger12;d20aa862-a4f7-11e6-91a5-1fc490c5cf69
john.mayer@company.at;casey;John;Mayer;johnmayer122;d20aa863-a4f7-11e6-91a5-1fc490c5cf69
gloria.schwarz@gmx.at;abc123;Gloria;Schwarz;gloriaschwarz8;d20aa864-a4f7-11e6-91a5-1fc490c5cf69
alena.weber@mail.eu;lizard;Alena;Weber;alenaweber195;d20aa865-a4f7-11e6-91a5-1fc490c5cf69
lynn.scholz@company.eu;smile;Lynn;Scholz;lynnscholz104;d20aa866-a4f7-11e6-91a5-1fc490c5cf69
johannes.unger@comundo.com;amanda;Johannes;Unger;johannesunger114;d20aa867-a4f7-11e6-91a5-1fc490c5cf69
anya.schwarz@company.com;victoria;Anya;Schwarz;anyaschwarz110;d20aa868-a4f7-11e6-91a5-1fc490c5cf69
david.mayer@haralson.com;saturn;David;Mayer;davidmayer208;d20aa869-a4f7-11e6-91a5-1fc490c5cf69
anna.lang@hotmail.at;marley;Anna;Lang;annalang131;d20aa86a-a4f7-11e6-91a5-1fc490c5cf69
manuel.kantner@mail.at;password;Manuel;Kantner;manuelkantner3;d20aa86b-a4f7-11e6-91a5-1fc490c5cf69
john.stefan@aon.at;rabbit;John;Stefan;johnstefan100;d20aa86c-a4f7-11e6-91a5-1fc490c5cf69
kilian.schreiber@apple.com;paris;Kilian;Schreiber;kilianschreiber202;d20aa86d-a4f7-11e6-91a5-1fc490c5cf69
daniel.scholz@gmx.at;joshua;Daniel;Scholz;danielscholz129;d20aa86e-a4f7-11e6-91a5-1fc490c5cf69
cristina.huber@company.eu;andy;Cristina;Huber;cristinahuber115;d20acf60-a4f7-11e6-91a5-1fc490c5cf69
natalie.werner@gmx.de;diamond;Natalie;Werner;nataliewerner48;d20acf61-a4f7-11e6-91a5-1fc490c5cf69
natalie.emerich@comundo.at;charlie;Natalie;Emerich;natalieemerich165;d20acf62-a4f7-11e6-91a5-1fc490c5cf69
robin.kantner@gmx.de;ChangeMe;Robin;Kantner;robinkantner98;d20acf63-a4f7-11e6-91a5-1fc490c5cf69
leonas.stefan@comundo.com;patrick;Leonas;Stefan;leonasstefan42;d20acf64-a4f7-11e6-91a5-1fc490c5cf69
tom.hoffmann@spengergasse.at;fishing;Tom;Hoffmann;tomhoffmann80;d20acf65-a4f7-11e6-91a5-1fc490c5cf69
tom.fischer@gmx.at;Fortune;Tom;Fischer;tomfischer47;d20acf66-a4f7-11e6-91a5-1fc490c5cf69
johannes.schmidt@company.eu;dragon;Johannes;Schmidt;johannesschmidt37;d20acf67-a4f7-11e6-91a5-1fc490c5cf69
marie.huber@mail.at;kevin;Marie;Huber;mariehuber191;d20acf68-a4f7-11e6-91a5-1fc490c5cf69
paul.kaiser@example.com;letmein;Paul;Kaiser;paulkaiser31;d20acf69-a4f7-11e6-91a5-1fc490c5cf69
constantin.marx@company.com;sweetie;Constantin;Marx;constantinmarx218;d20acf6a-a4f7-11e6-91a5-1fc490c5cf69
klaus.schneider@example.eu;maggie;Klaus;Schneider;klausschneider32;d20acf6b-a4f7-11e6-91a5-1fc490c5cf69
tom.schmitz@example.com;anthony;Tom;Schmitz;tomschmitz152;d20acf6c-a4f7-11e6-91a5-1fc490c5cf69
manuel.schneider@apple.com;wizard;Manuel;Schneider;manuelschneider72;d20acf6d-a4f7-11e6-91a5-1fc490c5cf69
celine.schreiber@example.com;camaro;Celine;Schreiber;celineschreiber164;d20acf6e-a4f7-11e6-91a5-1fc490c5cf69
alyssa.schneider@hotmail.com;ranger;Alyssa;Schneider;alyssaschneider25;d20acf6f-a4f7-11e6-91a5-1fc490c5cf69
lisa.neumann@haralson.at;tigger;Lisa;Neumann;lisaneumann10;d20acf70-a4f7-11e6-91a5-1fc490c5cf69
kilian.lange@apple.com;joseph;Kilian;Lange;kilianlange188;d20acf71-a4f7-11e6-91a5-1fc490c5cf69
max.klein@example.eu;iceman;Max;Klein;maxklein184;d20acf72-a4f7-11e6-91a5-1fc490c5cf69
lynn.lang@apple.com;chris;Lynn;Lang;lynnlang167;d20acf73-a4f7-11e6-91a5-1fc490c5cf69
clara.lehmann@hotmail.com;william;Clara;Lehmann;claralehmann227;d20acf74-a4f7-11e6-91a5-1fc490c5cf69
christoph.neumann@company.at;silver;Christoph;Neumann;christophneumann139;d20acf75-a4f7-11e6-91a5-1fc490c5cf69
adrian.walter@outlook.com;sandy;Adrian;Walter;adrianwalter207;d20acf76-a4f7-11e6-91a5-1fc490c5cf69
frederick.horwath@company.at;abc123;Frederick;Horwath;frederickhorwath8;d20acf77-a4f7-11e6-91a5-1fc490c5cf69
michaela.fuchs@aon.at;jordan;Michaela;Fuchs;michaelafuchs38;d20acf78-a4f7-11e6-91a5-1fc490c5cf69
leonas.schmidt@example.com;sunshine;Leonas;Schmidt;leonasschmidt109;d20acf79-a4f7-11e6-91a5-1fc490c5cf69
adam.kantner@gmail.com;marina;Adam;Kantner;adamkantner88;d20acf7a-a4f7-11e6-91a5-1fc490c5cf69
max.zimmermann@company.eu;steven;Max;Zimmermann;maxzimmermann107;d20acf7b-a4f7-11e6-91a5-1fc490c5cf69
alexander.heilig@mail.eu;Cougar;Alexander;Heilig;alexanderheilig36;d20acf7c-a4f7-11e6-91a5-1fc490c5cf69
sophie.weiﬂ@outlook.com;snoopy;Sophie;Weiﬂ;sophieweiﬂ35;d20acf7d-a4f7-11e6-91a5-1fc490c5cf69
emilia.stefan@live.at;shalom;Emilia;Stefan;emiliastefan138;d20acf7e-a4f7-11e6-91a5-1fc490c5cf69
adrian.becker@example.eu;anthony;Adrian;Becker;adrianbecker152;d20acf7f-a4f7-11e6-91a5-1fc490c5cf69
cristina.wolf@apple.com;12345;Cristina;Wolf;cristinawolf2;d20acf80-a4f7-11e6-91a5-1fc490c5cf69
john.fischer@mail.at;spring;John;Fischer;johnfischer106;d20acf81-a4f7-11e6-91a5-1fc490c5cf69
mia.schmidt@spengergasse.at;charlie;Mia;Schmidt;miaschmidt165;d20acf82-a4f7-11e6-91a5-1fc490c5cf69
max.zeiner@company.at;karen;Max;Zeiner;maxzeiner130;d20acf83-a4f7-11e6-91a5-1fc490c5cf69
michaela.hahn@haralson.com;daniel;Michaela;Hahn;michaelahahn172;d20acf84-a4f7-11e6-91a5-1fc490c5cf69
alexander.schneider@icloud.com;missy;Alexander;Schneider;alexanderschneider90;d20acf85-a4f7-11e6-91a5-1fc490c5cf69
lisa.mayer@example.com;ranger;Lisa;Mayer;lisamayer25;d20acf86-a4f7-11e6-91a5-1fc490c5cf69
nina.maier@spengergasse.at;elephant;Nina;Maier;ninamaier176;d20acf87-a4f7-11e6-91a5-1fc490c5cf69
david.weiﬂ@aon.at;1234;David;Weiﬂ;davidweiﬂ11;d20acf88-a4f7-11e6-91a5-1fc490c5cf69
daniel.weber@example.at;jennifer;Daniel;Weber;danielweber85;d20acf89-a4f7-11e6-91a5-1fc490c5cf69
gabriel.walter@live.at;skippy;Gabriel;Walter;gabrielwalter140;d20acf8a-a4f7-11e6-91a5-1fc490c5cf69
adam.stefan@apple.com;magic;Adam;Stefan;adamstefan67;d20acf8b-a4f7-11e6-91a5-1fc490c5cf69
alexander.reichl@spengergasse.at;william;Alexander;Reichl;alexanderreichl227;d20acf8c-a4f7-11e6-91a5-1fc490c5cf69
romana.stefan@company.at;batman;Romana;Stefan;romanastefan75;d20acf8d-a4f7-11e6-91a5-1fc490c5cf69
alyssa.meier@example.com;mike;Alyssa;Meier;alyssameier33;d20acf8e-a4f7-11e6-91a5-1fc490c5cf69
alena.neumann@microsoft.com;newyork;Alena;Neumann;alenaneumann69;d20acf8f-a4f7-11e6-91a5-1fc490c5cf69
max.walter@hotmail.com;alex;Max;Walter;maxwalter55;d20acf90-a4f7-11e6-91a5-1fc490c5cf69
mia.werner@haralson.com;success;Mia;Werner;miawerner108;d20acf91-a4f7-11e6-91a5-1fc490c5cf69
paul.unger@gmail.com;marley;Paul;Unger;paulunger131;d20acf92-a4f7-11e6-91a5-1fc490c5cf69
cristina.lang@apple.com;john;Cristina;Lang;cristinalang128;d20acf93-a4f7-11e6-91a5-1fc490c5cf69
leonas.jung@gmx.de;ChangeMe;Leonas;Jung;leonasjung98;d20acf94-a4f7-11e6-91a5-1fc490c5cf69
robin.lehmann@mail.at;black;Robin;Lehmann;robinlehmann157;d20acf95-a4f7-11e6-91a5-1fc490c5cf69
ines.huber@company.eu;joshua;Ines;Huber;ineshuber129;d20acf96-a4f7-11e6-91a5-1fc490c5cf69
robin.horwath@mail.com;avalon;Robin;Horwath;robinhorwath57;d20acf97-a4f7-11e6-91a5-1fc490c5cf69
david.schmitt@example.com;tennis;David;Schmitt;davidschmitt220;d20acf98-a4f7-11e6-91a5-1fc490c5cf69
lenn.neumann@hotmail.com;marina;Lenn;Neumann;lennneumann88;d20acf99-a4f7-11e6-91a5-1fc490c5cf69
johannes.zeiner@haralson.com;boomer;Johannes;Zeiner;johanneszeiner120;d20acf9a-a4f7-11e6-91a5-1fc490c5cf69
cristina.kantner@comundo.com;matthew;Cristina;Kantner;cristinakantner51;d20acf9b-a4f7-11e6-91a5-1fc490c5cf69
fritz.emerich@haralson.com;computer;Fritz;Emerich;fritzemerich9;d20acf9c-a4f7-11e6-91a5-1fc490c5cf69
alexander.schmidt@mail.com;Pentium;Alexander;Schmidt;alexanderschmidt123;d20acf9d-a4f7-11e6-91a5-1fc490c5cf69
cristina.schmitt@comundo.com;reliant;Cristina;Schmitt;cristinaschmitt211;d20acf9e-a4f7-11e6-91a5-1fc490c5cf69
cristina.weiﬂ@haralson.at;brandon;Cristina;Weiﬂ;cristinaweiﬂ161;d20acf9f-a4f7-11e6-91a5-1fc490c5cf69
alexander.mayer@gmail.com;rocket;Alexander;Mayer;alexandermayer102;d20acfa0-a4f7-11e6-91a5-1fc490c5cf69
anya.schmidt@example.com;anna;Anya;Schmidt;anyaschmidt151;d20acfa1-a4f7-11e6-91a5-1fc490c5cf69
leonas.huber@hotmail.com;brandon;Leonas;Huber;leonashuber161;d20acfa2-a4f7-11e6-91a5-1fc490c5cf69
celine.neumann@comundo.com;1234;Celine;Neumann;celineneumann11;d20acfa3-a4f7-11e6-91a5-1fc490c5cf69
natalie.fischer@mail.at;spring;Natalie;Fischer;nataliefischer106;d20acfa4-a4f7-11e6-91a5-1fc490c5cf69
nina.schubert@company.eu;merlin;Nina;Schubert;ninaschubert68;d20acfa5-a4f7-11e6-91a5-1fc490c5cf69
christoph.schmid@mail.com;monday;Christoph;Schmid;christophschmid91;d20acfa6-a4f7-11e6-91a5-1fc490c5cf69
klaus.jung@outlook.com;shannon;Klaus;Jung;klausjung210;d20acfa7-a4f7-11e6-91a5-1fc490c5cf69
fritz.reichl@example.com;george;Fritz;Reichl;fritzreichl82;d20acfa8-a4f7-11e6-91a5-1fc490c5cf69
adam.becker@gmail.com;brandon;Adam;Becker;adambecker161;d20acfa9-a4f7-11e6-91a5-1fc490c5cf69
david.fuchs@apple.com;albert;David;Fuchs;davidfuchs148;d20acfaa-a4f7-11e6-91a5-1fc490c5cf69
mia.schwarz@comundo.at;mickey;Mia;Schwarz;miaschwarz15;d20acfab-a4f7-11e6-91a5-1fc490c5cf69
tom.emerich@outlook.com;rascal;Tom;Emerich;tomemerich134;d20acfac-a4f7-11e6-91a5-1fc490c5cf69
adrian.stefan@company.eu;123abc;Adrian;Stefan;adrianstefan43;d20acfad-a4f7-11e6-91a5-1fc490c5cf69
frederick.fuchs@example.eu;stephanie;Frederick;Fuchs;frederickfuchs215;d20acfae-a4f7-11e6-91a5-1fc490c5cf69
romana.maier@hotmail.at;natasha;Romana;Maier;romanamaier93;d20acfaf-a4f7-11e6-91a5-1fc490c5cf69
klaus.huber@aon.at;albert;Klaus;Huber;klaushuber148;d20acfb0-a4f7-11e6-91a5-1fc490c5cf69
eva.weber@comundo.at;hammer;Eva;Weber;evaweber182;d20acfb1-a4f7-11e6-91a5-1fc490c5cf69
anna.zeiner@outlook.com;mickey;Anna;Zeiner;annazeiner15;d20acfb2-a4f7-11e6-91a5-1fc490c5cf69
gabriel.koch@example.com;victoria;Gabriel;Koch;gabrielkoch110;d20acfb3-a4f7-11e6-91a5-1fc490c5cf69
anna.wagner@gmx.de;love;Anna;Wagner;annawagner87;d20acfb4-a4f7-11e6-91a5-1fc490c5cf69
frederick.jung@gmail.com;michael;Frederick;Jung;frederickjung39;d20acfb5-a4f7-11e6-91a5-1fc490c5cf69
leonas.zeiner@company.com;jonathan;Leonas;Zeiner;leonaszeiner86;d20acfb6-a4f7-11e6-91a5-1fc490c5cf69
anya.bauer@gmail.com;1234;Anya;Bauer;anyabauer11;d20acfb7-a4f7-11e6-91a5-1fc490c5cf69
lynn.fuchs@aon.at;magic;Lynn;Fuchs;lynnfuchs67;d20acfb8-a4f7-11e6-91a5-1fc490c5cf69
alexander.herrmann@hotmail.com;orange;Alexander;Herrmann;alexanderherrmann132;d20acfb9-a4f7-11e6-91a5-1fc490c5cf69
alena.stefan@company.at;pentium;Alena;Stefan;alenastefan203;d20acfba-a4f7-11e6-91a5-1fc490c5cf69
leonas.richter@haralson.at;picture;Leonas;Richter;leonasrichter205;d20acfbb-a4f7-11e6-91a5-1fc490c5cf69
lynn.fischer@company.at;miller;Lynn;Fischer;lynnfischer52;d20acfbc-a4f7-11e6-91a5-1fc490c5cf69
nadja.jung@company.com;chris;Nadja;Jung;nadjajung167;d20acfbd-a4f7-11e6-91a5-1fc490c5cf69
lennard.schulz@mail.com;tiger;Lennard;Schulz;lennardschulz53;d20acfbe-a4f7-11e6-91a5-1fc490c5cf69
ines.lehmann@example.eu;miller;Ines;Lehmann;ineslehmann52;d20acfbf-a4f7-11e6-91a5-1fc490c5cf69
gloria.fuchs@haralson.com;asdfjkl;Gloria;Fuchs;gloriafuchs153;d20acfc0-a4f7-11e6-91a5-1fc490c5cf69
kilian.schwarz@gmail.com;ChangeMe;Kilian;Schwarz;kilianschwarz98;d20acfc1-a4f7-11e6-91a5-1fc490c5cf69
mia.walter@company.eu;jennifer;Mia;Walter;miawalter85;d20acfc2-a4f7-11e6-91a5-1fc490c5cf69
marie.stadtler@example.eu;Fortune;Marie;Stadtler;mariestadtler47;d20acfc3-a4f7-11e6-91a5-1fc490c5cf69
sandro.schulz@company.at;island;Sandro;Schulz;sandroschulz127;d20acfc4-a4f7-11e6-91a5-1fc490c5cf69
christoph.stadtler@google.com;rainbow;Christoph;Stadtler;christophstadtler206;d20acfc5-a4f7-11e6-91a5-1fc490c5cf69
lennard.stefan@apple.com;sweetie;Lennard;Stefan;lennardstefan218;d20acfc6-a4f7-11e6-91a5-1fc490c5cf69
matthias.neumann@haralson.com;snoopy;Matthias;Neumann;matthiasneumann35;d20acfc7-a4f7-11e6-91a5-1fc490c5cf69
anya.fuchs@hotmail.com;george;Anya;Fuchs;anyafuchs82;d20acfc8-a4f7-11e6-91a5-1fc490c5cf69
frederick.jung@aon.at;karen;Frederick;Jung;frederickjung130;d20acfc9-a4f7-11e6-91a5-1fc490c5cf69
stefanie.bauer@hotmail.com;taylor;Stefanie;Bauer;stefaniebauer142;d20acfca-a4f7-11e6-91a5-1fc490c5cf69
emilia.neumann@live.at;baseball;Emilia;Neumann;emilianeumann27;d20acfcb-a4f7-11e6-91a5-1fc490c5cf69
johannes.klein@example.at;angel;Johannes;Klein;johannesklein116;d20acfcc-a4f7-11e6-91a5-1fc490c5cf69
ines.huber@mail.eu;rachel;Ines;Huber;ineshuber101;d20acfcd-a4f7-11e6-91a5-1fc490c5cf69
clara.richter@spengergasse.at;password1;Clara;Richter;clararichter4;d20acfce-a4f7-11e6-91a5-1fc490c5cf69
daniel.zimmermann@live.at;tennis;Daniel;Zimmermann;danielzimmermann220;d20acfcf-a4f7-11e6-91a5-1fc490c5cf69
emilia.wagner@live.at;picture;Emilia;Wagner;emiliawagner205;d20acfd0-a4f7-11e6-91a5-1fc490c5cf69
klaus.meier@outlook.com;kevin;Klaus;Meier;klausmeier191;d20acfd1-a4f7-11e6-91a5-1fc490c5cf69
anna.schmitz@live.at;reliant;Anna;Schmitz;annaschmitz211;d20acfd2-a4f7-11e6-91a5-1fc490c5cf69
gabriel.richter@mail.com;jessica;Gabriel;Richter;gabrielrichter186;d20acfd3-a4f7-11e6-91a5-1fc490c5cf69
michael.hoffmann@haralson.at;caitlin;Michael;Hoffmann;michaelhoffmann163;d20acfd4-a4f7-11e6-91a5-1fc490c5cf69
max.scholz@microsoft.com;password;Max;Scholz;maxscholz3;d20acfd5-a4f7-11e6-91a5-1fc490c5cf69
marie.kaiser@mail.eu;tigger;Marie;Kaiser;mariekaiser10;d20acfd6-a4f7-11e6-91a5-1fc490c5cf69
lisa.schmitz@mail.com;internet;Lisa;Schmitz;lisaschmitz18;d20acfd7-a4f7-11e6-91a5-1fc490c5cf69
constantin.horwath@company.at;alex;Constantin;Horwath;constantinhorwath55;d20acfd8-a4f7-11e6-91a5-1fc490c5cf69
anna.huber@company.com;nirvana;Anna;Huber;annahuber201;d20af670-a4f7-11e6-91a5-1fc490c5cf69
emilia.braun@company.eu;reliant;Emilia;Braun;emiliabraun211;d20af671-a4f7-11e6-91a5-1fc490c5cf69
alyssa.fischer@hotmail.at;reliant;Alyssa;Fischer;alyssafischer211;d20af672-a4f7-11e6-91a5-1fc490c5cf69
matthias.walter@apple.com;ChangeMe;Matthias;Walter;matthiaswalter98;d20af673-a4f7-11e6-91a5-1fc490c5cf69
manuel.schulz@hotmail.at;beavis;Manuel;Schulz;manuelschulz156;d20af674-a4f7-11e6-91a5-1fc490c5cf69
anya.fischer@google.com;avalon;Anya;Fischer;anyafischer57;d20af675-a4f7-11e6-91a5-1fc490c5cf69
clara.schulz@aon.at;jordan;Clara;Schulz;claraschulz38;d20af676-a4f7-11e6-91a5-1fc490c5cf69
oskar.walter@microsoft.com;natasha;Oskar;Walter;oskarwalter93;d20af677-a4f7-11e6-91a5-1fc490c5cf69
frederick.koch@gmx.at;mindy;Frederick;Koch;frederickkoch41;d20af678-a4f7-11e6-91a5-1fc490c5cf69
eva.lehmann@example.eu;secret;Eva;Lehmann;evalehmann16;d20af679-a4f7-11e6-91a5-1fc490c5cf69
eva.jung@example.at;welcome;Eva;Jung;evajung143;d20af67a-a4f7-11e6-91a5-1fc490c5cf69
david.koch@hotmail.at;asdfjkl;David;Koch;davidkoch153;d20af67b-a4f7-11e6-91a5-1fc490c5cf69
anna.schmid@company.com;chicken;Anna;Schmid;annaschmid166;d20af67c-a4f7-11e6-91a5-1fc490c5cf69
matthias.braun@live.at;murphy;Matthias;Braun;matthiasbraun200;d20af67d-a4f7-11e6-91a5-1fc490c5cf69
michaela.fuchs@aon.at;special;Michaela;Fuchs;michaelafuchs214;d20af67e-a4f7-11e6-91a5-1fc490c5cf69
lennard.becker@haralson.at;smile;Lennard;Becker;lennardbecker104;d20af67f-a4f7-11e6-91a5-1fc490c5cf69
natalie.schmid@company.at;andrea;Natalie;Schmid;natalieschmid150;d20af680-a4f7-11e6-91a5-1fc490c5cf69
paul.werner@example.com;123456;Paul;Werner;paulwerner1;d20af681-a4f7-11e6-91a5-1fc490c5cf69
cristina.neumann@microsoft.com;dallas;Cristina;Neumann;cristinaneumann171;d20af682-a4f7-11e6-91a5-1fc490c5cf69
leonas.zeiner@hotmail.at;taylor;Leonas;Zeiner;leonaszeiner142;d20af683-a4f7-11e6-91a5-1fc490c5cf69
alexander.scholz@aon.at;helpme;Alexander;Scholz;alexanderscholz65;d20af684-a4f7-11e6-91a5-1fc490c5cf69
fritz.weber@spengergasse.at;password;Fritz;Weber;fritzweber3;d20af685-a4f7-11e6-91a5-1fc490c5cf69
gabriel.klein@company.eu;anthony;Gabriel;Klein;gabrielklein152;d20af686-a4f7-11e6-91a5-1fc490c5cf69
johannes.schubert@company.eu;paris;Johannes;Schubert;johannesschubert202;d20af687-a4f7-11e6-91a5-1fc490c5cf69
romana.marx@example.at;soccer;Romana;Marx;romanamarx70;d20af688-a4f7-11e6-91a5-1fc490c5cf69
stefanie.stadtler@spengergasse.at;monday;Stefanie;Stadtler;stefaniestadtler91;d20af689-a4f7-11e6-91a5-1fc490c5cf69
lisa.stadtler@company.com;nirvana;Lisa;Stadtler;lisastadtler201;d20af68a-a4f7-11e6-91a5-1fc490c5cf69
fritz.hoffmann@apple.com;jesus;Fritz;Hoffmann;fritzhoffmann187;d20af68b-a4f7-11e6-91a5-1fc490c5cf69
matthias.richter@company.eu;charlie;Matthias;Richter;matthiasrichter165;d20af68c-a4f7-11e6-91a5-1fc490c5cf69
ines.koch@haralson.at;1234;Ines;Koch;ineskoch11;d20af68d-a4f7-11e6-91a5-1fc490c5cf69
paul.zimmermann@mail.eu;123456789;Paul;Zimmermann;paulzimmermann5;d20af68e-a4f7-11e6-91a5-1fc490c5cf69
eva.stadtler@comundo.com;love;Eva;Stadtler;evastadtler87;d20af68f-a4f7-11e6-91a5-1fc490c5cf69
johannes.fischer@gmail.com;tommy;Johannes;Fischer;johannesfischer223;d20af690-a4f7-11e6-91a5-1fc490c5cf69
fritz.stadtler@company.at;tristan;Fritz;Stadtler;fritzstadtler225;d20af691-a4f7-11e6-91a5-1fc490c5cf69
natalie.bauer@example.com;qwerty;Natalie;Bauer;nataliebauer12;d20af692-a4f7-11e6-91a5-1fc490c5cf69
alena.huber@example.com;casey;Alena;Huber;alenahuber122;d20af693-a4f7-11e6-91a5-1fc490c5cf69
adrian.weiﬂ@hotmail.at;goodluck;Adrian;Weiﬂ;adrianweiﬂ181;d20af694-a4f7-11e6-91a5-1fc490c5cf69
klaus.schmitz@aon.at;missy;Klaus;Schmitz;klausschmitz90;d20af695-a4f7-11e6-91a5-1fc490c5cf69
max.lang@mail.at;password;Max;Lang;maxlang3;d20af696-a4f7-11e6-91a5-1fc490c5cf69
frederick.mayer@haralson.com;access;Frederick;Mayer;frederickmayer147;d20af697-a4f7-11e6-91a5-1fc490c5cf69
marie.hoffmann@apple.com;sunshine;Marie;Hoffmann;mariehoffmann109;d20af698-a4f7-11e6-91a5-1fc490c5cf69
nadja.meyer@example.at;goodluck;Nadja;Meyer;nadjameyer181;d20af699-a4f7-11e6-91a5-1fc490c5cf69
nadja.hartmann@example.at;kevin;Nadja;Hartmann;nadjahartmann191;d20af69a-a4f7-11e6-91a5-1fc490c5cf69
gloria.hahn@gmx.de;cindy;Gloria;Hahn;gloriahahn168;d20af69b-a4f7-11e6-91a5-1fc490c5cf69
alyssa.werner@comundo.at;brandon;Alyssa;Werner;alyssawerner161;d20af69c-a4f7-11e6-91a5-1fc490c5cf69
lennard.marx@comundo.at;taylor;Lennard;Marx;lennardmarx142;d20af69d-a4f7-11e6-91a5-1fc490c5cf69
alena.kantner@haralson.at;monday;Alena;Kantner;alenakantner91;d20af69e-a4f7-11e6-91a5-1fc490c5cf69
john.weber@outlook.com;test;John;Weber;johnweber221;d20af69f-a4f7-11e6-91a5-1fc490c5cf69
timo.braun@live.at;tristan;Timo;Braun;timobraun225;d20af6a0-a4f7-11e6-91a5-1fc490c5cf69
stefanie.schreiber@company.com;hockey;Stefanie;Schreiber;stefanieschreiber30;d20af6a1-a4f7-11e6-91a5-1fc490c5cf69
alena.klein@example.at;michelle;Alena;Klein;alenaklein40;d20af6a2-a4f7-11e6-91a5-1fc490c5cf69
celine.koch@hotmail.at;green;Celine;Koch;celinekoch64;d20af6a3-a4f7-11e6-91a5-1fc490c5cf69
clara.reichl@haralson.at;jonathan;Clara;Reichl;clarareichl86;d20af6a4-a4f7-11e6-91a5-1fc490c5cf69
matthias.schmid@haralson.com;andy;Matthias;Schmid;matthiasschmid115;d20af6a5-a4f7-11e6-91a5-1fc490c5cf69
emilia.hartmann@outlook.com;a1b2c3;Emilia;Hartmann;emiliahartmann19;d20af6a6-a4f7-11e6-91a5-1fc490c5cf69
paul.schmitz@outlook.com;rocket;Paul;Schmitz;paulschmitz102;d20af6a7-a4f7-11e6-91a5-1fc490c5cf69
gloria.hoffmann@mail.com;daniel;Gloria;Hoffmann;gloriahoffmann172;d20af6a8-a4f7-11e6-91a5-1fc490c5cf69
oskar.meyer@example.at;brandy;Oskar;Meyer;oskarmeyer58;d20af6a9-a4f7-11e6-91a5-1fc490c5cf69
paul.hahn@microsoft.com;access;Paul;Hahn;paulhahn147;d20af6aa-a4f7-11e6-91a5-1fc490c5cf69
natalie.klein@microsoft.com;shannon;Natalie;Klein;natalieklein210;d20af6ab-a4f7-11e6-91a5-1fc490c5cf69
alena.jung@gmx.at;camaro;Alena;Jung;alenajung164;d20af6ac-a4f7-11e6-91a5-1fc490c5cf69
lenn.schubert@aon.at;rose;Lenn;Schubert;lennschubert103;d20af6ad-a4f7-11e6-91a5-1fc490c5cf69
alena.hartmann@microsoft.com;dragon;Alena;Hartmann;alenahartmann37;d20af6ae-a4f7-11e6-91a5-1fc490c5cf69
alyssa.meyer@haralson.com;1234;Alyssa;Meyer;alyssameyer11;d20af6af-a4f7-11e6-91a5-1fc490c5cf69
mia.zimmermann@mail.eu;happy;Mia;Zimmermann;miazimmermann83;d20af6b0-a4f7-11e6-91a5-1fc490c5cf69
alexander.scholz@comundo.at;welcome;Alexander;Scholz;alexanderscholz143;d20af6b1-a4f7-11e6-91a5-1fc490c5cf69
stefanie.herrmann@hotmail.com;sweetie;Stefanie;Herrmann;stefanieherrmann218;d20af6b2-a4f7-11e6-91a5-1fc490c5cf69
michael.meier@mail.at;rainbow;Michael;Meier;michaelmeier206;d20af6b3-a4f7-11e6-91a5-1fc490c5cf69
anna.jung@company.at;butthead;Anna;Jung;annajung77;d20af6b4-a4f7-11e6-91a5-1fc490c5cf69
kilian.hoffmann@example.com;rachel;Kilian;Hoffmann;kilianhoffmann101;d20af6b5-a4f7-11e6-91a5-1fc490c5cf69
timo.klein@mail.com;shalom;Timo;Klein;timoklein138;d20af6b6-a4f7-11e6-91a5-1fc490c5cf69
alexander.braun@spengergasse.at;zephyr;Alexander;Braun;alexanderbraun144;d20af6b7-a4f7-11e6-91a5-1fc490c5cf69
gloria.scholz@gmx.de;mike;Gloria;Scholz;gloriascholz33;d20af6b8-a4f7-11e6-91a5-1fc490c5cf69
clara.unger@icloud.com;carmen;Clara;Unger;claraunger14;d20af6b9-a4f7-11e6-91a5-1fc490c5cf69
romana.unger@company.com;skeeter;Romana;Unger;romanaunger212;d20af6ba-a4f7-11e6-91a5-1fc490c5cf69
gabriel.stefan@gmail.com;iceman;Gabriel;Stefan;gabrielstefan184;d20af6bb-a4f7-11e6-91a5-1fc490c5cf69
sandro.herrmann@company.eu;august;Sandro;Herrmann;sandroherrmann117;d20af6bc-a4f7-11e6-91a5-1fc490c5cf69
alena.hoffmann@microsoft.com;ashley;Alena;Hoffmann;alenahoffmann154;d20af6bd-a4f7-11e6-91a5-1fc490c5cf69
robin.kantner@comundo.com;password1;Robin;Kantner;robinkantner4;d20af6be-a4f7-11e6-91a5-1fc490c5cf69
oskar.schmitt@haralson.com;football;Oskar;Schmitt;oskarschmitt81;d20af6bf-a4f7-11e6-91a5-1fc490c5cf69
david.maier@company.com;patrick;David;Maier;davidmaier42;d20af6c0-a4f7-11e6-91a5-1fc490c5cf69
adrian.hahn@gmail.com;notused;Adrian;Hahn;adrianhahn74;d20af6c1-a4f7-11e6-91a5-1fc490c5cf69
alyssa.schneider@spengergasse.at;1234;Alyssa;Schneider;alyssaschneider11;d20af6c2-a4f7-11e6-91a5-1fc490c5cf69
marie.hoffmann@example.at;chelsea;Marie;Hoffmann;mariehoffmann59;d20af6c3-a4f7-11e6-91a5-1fc490c5cf69
adam.schwarz@haralson.com;paris;Adam;Schwarz;adamschwarz202;d20af6c4-a4f7-11e6-91a5-1fc490c5cf69
oskar.hoffmann@example.com;baseball;Oskar;Hoffmann;oskarhoffmann27;d20af6c5-a4f7-11e6-91a5-1fc490c5cf69
fritz.schulz@comundo.at;albert;Fritz;Schulz;fritzschulz148;d20af6c6-a4f7-11e6-91a5-1fc490c5cf69
adrian.meyer@mail.at;wizard;Adrian;Meyer;adrianmeyer72;d20af6c7-a4f7-11e6-91a5-1fc490c5cf69
celine.huber@comundo.at;monkey;Celine;Huber;celinehuber92;d20af6c8-a4f7-11e6-91a5-1fc490c5cf69
johanna.schmid@hotmail.com;asdfgh;Johanna;Schmid;johannaschmid73;d20af6c9-a4f7-11e6-91a5-1fc490c5cf69
leonas.richter@hotmail.at;casey;Leonas;Richter;leonasrichter122;d20af6ca-a4f7-11e6-91a5-1fc490c5cf69
gabriel.weber@company.at;bradley;Gabriel;Weber;gabrielweber160;d20af6cb-a4f7-11e6-91a5-1fc490c5cf69
lenn.zimmermann@live.at;dakota;Lenn;Zimmermann;lennzimmermann170;d20af6cc-a4f7-11e6-91a5-1fc490c5cf69
constantin.weiﬂ@comundo.at;madison;Constantin;Weiﬂ;constantinweiﬂ196;d20af6cd-a4f7-11e6-91a5-1fc490c5cf69
gabriel.schmitz@company.eu;brandy;Gabriel;Schmitz;gabrielschmitz58;d20af6ce-a4f7-11e6-91a5-1fc490c5cf69
matthias.lehmann@hotmail.com;dakota;Matthias;Lehmann;matthiaslehmann170;d20af6cf-a4f7-11e6-91a5-1fc490c5cf69
gabriel.meier@company.at;spring;Gabriel;Meier;gabrielmeier106;d20af6d0-a4f7-11e6-91a5-1fc490c5cf69
klaus.unger@company.com;donald;Klaus;Unger;klausunger28;d20af6d1-a4f7-11e6-91a5-1fc490c5cf69
anna.scholz@gmail.com;money;Anna;Scholz;annascholz13;d20af6d2-a4f7-11e6-91a5-1fc490c5cf69
alexander.neumann@comundo.com;tristan;Alexander;Neumann;alexanderneumann225;d20af6d3-a4f7-11e6-91a5-1fc490c5cf69
constantin.stadtler@mail.com;stephanie;Constantin;Stadtler;constantinstadtler215;d20af6d4-a4f7-11e6-91a5-1fc490c5cf69
lennard.schreiber@mail.eu;hockey;Lennard;Schreiber;lennardschreiber30;d20af6d5-a4f7-11e6-91a5-1fc490c5cf69
lisa.wagner@company.eu;please;Lisa;Wagner;lisawagner133;d20af6d6-a4f7-11e6-91a5-1fc490c5cf69
kilian.bauer@company.at;sample123;Kilian;Bauer;kilianbauer179;d20af6d7-a4f7-11e6-91a5-1fc490c5cf69
natalie.schmitt@spengergasse.at;8675309;Natalie;Schmitt;natalieschmitt113;d20af6d8-a4f7-11e6-91a5-1fc490c5cf69
klaus.schulz@outlook.com;island;Klaus;Schulz;klausschulz127;d20af6d9-a4f7-11e6-91a5-1fc490c5cf69
emilia.zeiner@microsoft.com;shalom;Emilia;Zeiner;emiliazeiner138;d20af6da-a4f7-11e6-91a5-1fc490c5cf69
clara.kaiser@example.at;phoenix;Clara;Kaiser;clarakaiser204;d20af6db-a4f7-11e6-91a5-1fc490c5cf69
michaela.horwath@gmail.com;aaaaaa;Michaela;Horwath;michaelahorwath146;d20af6dc-a4f7-11e6-91a5-1fc490c5cf69
lisa.schubert@haralson.com;apple;Lisa;Schubert;lisaschubert56;d20af6dd-a4f7-11e6-91a5-1fc490c5cf69
leonas.hoffmann@haralson.at;iceman;Leonas;Hoffmann;leonashoffmann184;d20af6de-a4f7-11e6-91a5-1fc490c5cf69
constantin.weiﬂ@gmail.com;fishing;Constantin;Weiﬂ;constantinweiﬂ80;d20af6df-a4f7-11e6-91a5-1fc490c5cf69
lenn.schmitt@example.at;beavis;Lenn;Schmitt;lennschmitt156;d20af6e0-a4f7-11e6-91a5-1fc490c5cf69
alyssa.marx@gmail.com;sample123;Alyssa;Marx;alyssamarx179;d20af6e1-a4f7-11e6-91a5-1fc490c5cf69
tom.schreiber@microsoft.com;123;Tom;Schreiber;tomschreiber20;d20af6e2-a4f7-11e6-91a5-1fc490c5cf69
gloria.meier@company.at;avalon;Gloria;Meier;gloriameier57;d20af6e3-a4f7-11e6-91a5-1fc490c5cf69
nina.schmid@hotmail.com;skeeter;Nina;Schmid;ninaschmid212;d20af6e4-a4f7-11e6-91a5-1fc490c5cf69
sophie.weiﬂ@example.at;maggie;Sophie;Weiﬂ;sophieweiﬂ32;d20af6e5-a4f7-11e6-91a5-1fc490c5cf69
oskar.maier@mail.com;service;Oskar;Maier;oskarmaier21;d20af6e6-a4f7-11e6-91a5-1fc490c5cf69
alyssa.mayer@apple.com;kevin;Alyssa;Mayer;alyssamayer191;d20af6e7-a4f7-11e6-91a5-1fc490c5cf69
sophie.schmitt@mail.at;Peanuts;Sophie;Schmitt;sophieschmitt224;d20af6e8-a4f7-11e6-91a5-1fc490c5cf69
michaela.schreiber@live.at;saturn;Michaela;Schreiber;michaelaschreiber208;d20af6e9-a4f7-11e6-91a5-1fc490c5cf69
lisa.reichl@mail.com;mustang;Lisa;Reichl;lisareichl34;d20af6ea-a4f7-11e6-91a5-1fc490c5cf69
oskar.schreiber@microsoft.com;dallas;Oskar;Schreiber;oskarschreiber171;d20af6eb-a4f7-11e6-91a5-1fc490c5cf69
tom.scholz@spengergasse.at;emily;Tom;Scholz;tomscholz177;d20af6ec-a4f7-11e6-91a5-1fc490c5cf69
kilian.unger@microsoft.com;barney;Kilian;Unger;kilianunger118;d20af6ed-a4f7-11e6-91a5-1fc490c5cf69
michael.hoffmann@example.com;tennis;Michael;Hoffmann;michaelhoffmann220;d20af6ee-a4f7-11e6-91a5-1fc490c5cf69
gloria.herrmann@company.at;ranger;Gloria;Herrmann;gloriaherrmann25;d20af6ef-a4f7-11e6-91a5-1fc490c5cf69
natalie.becker@mail.com;madison;Natalie;Becker;nataliebecker196;d20af6f0-a4f7-11e6-91a5-1fc490c5cf69
matthias.fuchs@hotmail.at;please;Matthias;Fuchs;matthiasfuchs133;d20af6f1-a4f7-11e6-91a5-1fc490c5cf69
lynn.heilig@gmx.de;elephant;Lynn;Heilig;lynnheilig176;d20af6f2-a4f7-11e6-91a5-1fc490c5cf69
romana.kantner@hotmail.com;missy;Romana;Kantner;romanakantner90;d20af6f3-a4f7-11e6-91a5-1fc490c5cf69
nadja.fischer@company.eu;steven;Nadja;Fischer;nadjafischer107;d20af6f4-a4f7-11e6-91a5-1fc490c5cf69
fritz.herrmann@comundo.com;muffin;Fritz;Herrmann;fritzherrmann199;d20af6f5-a4f7-11e6-91a5-1fc490c5cf69
nadja.schmid@spengergasse.at;karen;Nadja;Schmid;nadjaschmid130;d20af6f6-a4f7-11e6-91a5-1fc490c5cf69
johanna.maier@live.at;aaaaaa;Johanna;Maier;johannamaier146;d20af6f7-a4f7-11e6-91a5-1fc490c5cf69
adrian.werner@outlook.com;special;Adrian;Werner;adrianwerner214;d20af6f8-a4f7-11e6-91a5-1fc490c5cf69
kilian.zeiner@haralson.at;zapata;Kilian;Zeiner;kilianzeiner112;d20af6f9-a4f7-11e6-91a5-1fc490c5cf69
robin.kantner@gmx.de;summer;Robin;Kantner;robinkantner17;d20af6fa-a4f7-11e6-91a5-1fc490c5cf69
johannes.weber@company.com;andy;Johannes;Weber;johannesweber115;d20af6fb-a4f7-11e6-91a5-1fc490c5cf69
nina.schulz@apple.com;please;Nina;Schulz;ninaschulz133;d20af6fc-a4f7-11e6-91a5-1fc490c5cf69
ines.reichl@hotmail.com;boomer;Ines;Reichl;inesreichl120;d20af6fd-a4f7-11e6-91a5-1fc490c5cf69
natalie.fischer@comundo.com;dolphin;Natalie;Fischer;nataliefischer175;d20af6fe-a4f7-11e6-91a5-1fc490c5cf69
adam.stadtler@google.com;sarah;Adam;Stadtler;adamstadtler136;d20af6ff-a4f7-11e6-91a5-1fc490c5cf69
lenn.lehmann@haralson.at;daniel;Lenn;Lehmann;lennlehmann172;d20af700-a4f7-11e6-91a5-1fc490c5cf69
fritz.kantner@comundo.com;sarah;Fritz;Kantner;fritzkantner136;d20af701-a4f7-11e6-91a5-1fc490c5cf69
kilian.unger@example.at;miller;Kilian;Unger;kilianunger52;d20af702-a4f7-11e6-91a5-1fc490c5cf69
paul.zeiner@spengergasse.at;anthony;Paul;Zeiner;paulzeiner152;d20af703-a4f7-11e6-91a5-1fc490c5cf69
sandro.zimmermann@outlook.com;ginger;Sandro;Zimmermann;sandrozimmermann180;d20af704-a4f7-11e6-91a5-1fc490c5cf69
adrian.zeiner@company.eu;jonathan;Adrian;Zeiner;adrianzeiner86;d20af705-a4f7-11e6-91a5-1fc490c5cf69
gabriel.hoffmann@company.at;mindy;Gabriel;Hoffmann;gabrielhoffmann41;d20af706-a4f7-11e6-91a5-1fc490c5cf69
cristina.lange@company.eu;joshua;Cristina;Lange;cristinalange129;d20af707-a4f7-11e6-91a5-1fc490c5cf69
romana.maier@gmx.at;trustno1;Romana;Maier;romanamaier54;d20af708-a4f7-11e6-91a5-1fc490c5cf69
max.weber@google.com;letmein;Max;Weber;maxweber31;d20af709-a4f7-11e6-91a5-1fc490c5cf69
alyssa.richter@microsoft.com;monday;Alyssa;Richter;alyssarichter91;d20af70a-a4f7-11e6-91a5-1fc490c5cf69
gabriel.bauer@aon.at;monkey;Gabriel;Bauer;gabrielbauer92;d20af70b-a4f7-11e6-91a5-1fc490c5cf69
celine.klein@outlook.com;iceman;Celine;Klein;celineklein184;d20af70c-a4f7-11e6-91a5-1fc490c5cf69
michael.schneider@aon.at;wally;Michael;Schneider;michaelschneider226;d20af70d-a4f7-11e6-91a5-1fc490c5cf69
stefanie.becker@microsoft.com;albert;Stefanie;Becker;stefaniebecker148;d20af70e-a4f7-11e6-91a5-1fc490c5cf69
natalie.herrmann@company.com;Cougar;Natalie;Herrmann;natalieherrmann36;d20af70f-a4f7-11e6-91a5-1fc490c5cf69
